workflowId,criterion,fairness method,random state,max depth,normalization,n estimators,Predictive Equality,Overall Accuracy Equality,Conditional Use Accuracy Equality,system_system_memory_usage_percentage,Balance for Negative Class,learning_curve_train_score,Recall,system_system_memory_usage_megabytes,Test Fairness,system_disk_usage_percentage,Statistical Parity,Conditional Statistical Parity,AUC-ROC,learning_curve_test_score,Well Calibration,Matthews Corrcoef,system_network_transmit_megabytes,Equal Negative Predictive Value,Cohen Kappa,Equal Opportunity,Equalized Odds,Balance for Positive Class,system_disk_usage_megabytes,system_disk_available_megabytes,Accuracy,F1 Score,Log Loss,Treatment Equality,Precision,Disparate Impact,system_cpu_utilization_percentage,system_network_receive_megabytes
cf297299ee394608a3c9feaf24d7dad7,log_loss,relabel_data,17,20,standard,100,0.5724693740422665,0.5645790022796775,0.28567308841103173,29.9,0.5213845225422628,0.942529411764706,0.4481707317073171,30235.8,0.2433414043583535,99.9,0.8440030765054517,0.4526984126984127,0.7912622366019578,0.7931764705882354,0.656846602771707,0.3977364935483471,8.620175000018207,0.5582633167468799,0.38384405436737234,0.3005366726296959,0.28567308841103173,0.3504864375173977,18199.8,17.6,0.7610536218250236,0.5364963503649635,0.49375581819216213,0.8958972783668204,0.6681818181818182,0.4526984126984127,9.9,7.4178649999958
0b8deb1e724c42a49240c92ae7948a9c,log_loss,disparate_impact_remover,17,20,standard,100,0.32311627793662645,0.40535320742836445,0.8713207093528363,29.9,0.9921722896039176,0.9636470588235294,0.6468401486988847,30235.6,0.3023255813953488,99.9,0.8056656458295802,0.3360517002615787,0.919418875769011,0.852,0.3986123151018957,0.6224378135171351,6.702817999990657,0.4137953099283335,0.6180494465328699,0.9494851994851996,0.8713207093528363,0.15659722643006874,18199.8,17.6,0.863593603010348,0.7058823529411765,0.305327127430211,0.2951816658022374,0.7767857142857143,0.3360517002615787,7.6,6.7021319999767
3ac639c41b884b58acbc9d41a9980496,log_loss,none,17,20,standard,100,0.33029663966855144,0.4054106445917069,0.9032179032783226,30.0,0.9591137509004196,0.964764705882353,0.654275092936803,30378.5,0.3589743589743589,99.9,0.8083158617698092,0.3472534236036313,0.9182717968406168,0.8505882352941176,0.3991511536598711,0.630677156735474,5.083324000006542,0.41334506246445907,0.6264378625591478,0.979386385426654,0.9032179032783226,0.1551899240281613,18199.8,17.6,0.8664158043273753,0.7125506072874493,0.3359093947034844,0.3177831986943243,0.7822222222222223,0.3472534236036313,15.8,5.082663999986835
5661ae9b90974e2ab22ce42c4d8c150b,log_loss,relabel_data,17,20,none,100,0.5612444843551634,0.5655747324424282,0.2877180781860828,30.0,0.520196858481802,0.9441176470588235,0.4481707317073171,30366.7,0.243161094224924,99.9,0.8455865719585577,0.4552274541101356,0.7914364526298324,0.7948235294117648,0.6583299924696931,0.3999611176225641,5.357385000010254,0.5584900667643707,0.38569930812682596,0.3005366726296959,0.2877180781860828,0.3436141544288213,18199.8,17.6,0.761994355597366,0.5374771480804388,0.4937397040467982,0.9138152239341568,0.6712328767123288,0.4552274541101356,15.8,5.22218700000667
de03f86f9ec147cd8ce9f70a89efc42c,log_loss,disparate_impact_remover,17,20,none,100,0.32311627793662645,0.40535320742836445,0.8713207093528363,29.8,0.9921722896039176,0.9641176470588236,0.6468401486988847,30189.5,0.30952380952380953,99.9,0.8056656458295802,0.3360517002615787,0.919461013362299,0.8501176470588236,0.3994312208960823,0.6224378135171351,14.480101000022842,0.4137953099283335,0.6180494465328699,0.9494851994851996,0.8713207093528363,0.15659722643006874,18199.9,17.4,0.863593603010348,0.7058823529411765,0.3052737454084053,0.2951816658022374,0.7767857142857143,0.3360517002615787,5.2,14.189615999988746
5fa352be7a8c4eb6834f535a003f4914,log_loss,none,17,20,none,100,0.33780338147920036,0.4066976625110456,0.8753127253209002,30.0,0.9878301789273138,0.9632941176470589,0.6468401486988847,30360.6,0.33333333333333337,99.9,0.8086831201585299,0.33955223880597013,0.9182858427050463,0.8522352941176472,0.40183750301725546,0.6271855634063113,5.082841000024928,0.4140633911935815,0.6223350733048942,0.9494851994851996,0.8753127253209002,0.16371528217689002,18199.8,17.6,0.8654750705550329,0.7087576374745418,0.3359270743723519,0.3085990142477937,0.7837837837837838,0.33955223880597013,13.9,5.081372999993619
66b164f892f64e20983c0fbcf932ec7a,log_loss,relabel_data,17,20,standard,50,0.5724693740422665,0.55995130553968,0.3190660520365535,30.0,0.5337984397456499,0.943,0.45426829268292684,30336.0,0.3039664378337147,99.9,0.8494836159632794,0.47533333333333333,0.7886738841878215,0.7917647058823529,0.667665369556801,0.40334021991386354,5.360866000002716,0.5546616179291581,0.38982911862383773,0.3339296362552177,0.3190660520365535,0.38942937501933084,18199.8,17.6,0.7629350893697083,0.5418181818181819,0.49742331582449434,0.9172281659469828,0.6711711711711712,0.47533333333333333,12.1,5.2254959999991115
7b8241a17d48485785e706a0435b0fd7,log_loss,disparate_impact_remover,17,20,standard,50,0.22750023650640025,0.40212778758489753,0.8852916594894074,30.0,0.9597263792420276,0.9626470588235294,0.6579925650557621,30348.3,0.2702702702702703,99.9,0.7981219600072059,0.3276081902047551,0.9202452407929358,0.8475294117647059,0.38758622094459044,0.6265777830729742,6.125593000004301,0.41352144042646627,0.6231350265404804,0.9728571428571429,0.8852916594894074,0.10760840849096927,18199.8,17.6,0.8645343367826905,0.7108433734939759,0.304470887161266,0.21607511449682767,0.7729257641921398,0.3276081902047551,22.2,5.7075410000106785
da238ac4c3a2430ba166f9d1b0d1f08b,log_loss,none,17,20,standard,50,0.23223982476695024,0.40019734902166737,0.8924040928982347,29.9,0.8749991069802777,0.962,0.654275092936803,30221.5,0.3142857142857143,99.9,0.8052884615384616,0.34371002132196166,0.9175695036191511,0.8494117647058823,0.39611146894757665,0.6259710488739406,5.085481999994954,0.41074811887619767,0.6221582634366931,0.9779735682819383,0.8924040928982347,0.10451466674685389,18199.8,17.6,0.8645343367826905,0.7096774193548387,0.3647106493122627,0.2424706540518379,0.775330396475771,0.34371002132196166,4.3,5.084696000005351
822caebf39074a7c853c0fae5a54ae76,log_loss,relabel_data,17,20,none,50,0.5612444843551634,0.5609388739797853,0.3211110418116046,30.0,0.5325824979694639,0.9394705882352941,0.45426829268292684,30390.9,0.3216374269005848,99.9,0.8510773938543924,0.4779888268156424,0.7890098722415795,0.7887058823529411,0.6686245868985252,0.40556020508374363,5.143187999987276,0.5548869050433103,0.39168648301114195,0.3339296362552177,0.3211110418116046,0.3817935049209126,18199.8,17.6,0.7638758231420508,0.5428051001821493,0.49745036192937464,0.9355727292659224,0.6742081447963801,0.4779888268156424,17.8,5.13346900002216
cbc7df468edd42888ae815b2189caf95,log_loss,disparate_impact_remover,17,20,none,50,0.22750023650640025,0.4014598012267831,0.8918209020589185,30.0,0.9474221948927709,0.9604705882352942,0.654275092936803,30376.9,0.2702702702702703,99.9,0.7996306971716808,0.32926277702397105,0.9204465648497561,0.8482352941176471,0.38805217109667833,0.6236366968296819,6.403072000015527,0.4127412112935861,0.6200267720456456,0.979386385426654,0.8918209020589185,0.10689101910102945,18199.8,17.6,0.863593603010348,0.7082494969818913,0.3042315876739282,0.2188812848149683,0.7719298245614035,0.32926277702397105,28.4,5.902398000005633
7f773c01658b443485b9eb4045032203,log_loss,none,17,20,none,50,0.23223982476695024,0.3995314632495847,0.8857961633828164,29.7,0.8640616181430243,0.9616470588235295,0.6505576208178439,30107.8,0.33333333333333337,99.9,0.8068021616541353,0.3454726368159204,0.9175741855739608,0.8505882352941176,0.39913158885541816,0.6230293537866536,5.101388999988558,0.409977484506824,0.6190406750420789,0.9713656387665199,0.8857961633828164,0.10380848656613191,18199.8,17.6,0.863593603010348,0.7070707070707071,0.36474143767460016,0.24553990283730417,0.7743362831858407,0.3454726368159204,5.5,5.099243000004208
37daabe3af4a4a80969a5f2ce05e542f,log_loss,relabel_data,17,20,standard,20,0.5475794012578202,0.5612639993921658,0.32573991797020385,29.9,0.5370092574283305,0.9352941176470588,0.45121951219512196,30309.3,0.9117647058823529,99.9,0.8538496329223221,0.48936951316839583,0.7897336983573918,0.7887058823529411,0.6717668228403628,0.3983297531229129,5.0731139999988955,0.5543000023108053,0.3849864925811697,0.33653846153846156,0.32573991797020385,0.3754078010546402,18199.8,17.6,0.7610536218250236,0.5381818181818182,0.5070887064062609,0.9690142537851377,0.6666666666666666,0.48936951316839583,29.1,5.071988000010606
7b6152e2c7b14122a0e7a73b42ae2272,log_loss,disparate_impact_remover,17,20,standard,20,0.2804405431148078,0.3987878557943253,0.89244495177677,29.9,0.8794680476092737,0.9568235294117647,0.6579925650557621,30305.7,0.38636363636363635,99.9,0.7988340042795489,0.3442589035022905,0.9145449608120382,0.8449411764705882,0.38966429993091334,0.6151061756656189,5.246033000003081,0.41091356970157605,0.612553418934092,0.9845814977973568,0.89244495177677,0.12705913591254447,18199.8,17.6,0.8598306679209784,0.7037773359840954,0.34070408545451253,0.28908848937826004,0.7564102564102564,0.3442589035022905,31.5,5.245674000005238
8915c4b21f3f423d95db005f48ec1719,log_loss,none,17,20,standard,20,0.4846744169049396,0.4072668008447684,0.8846057309090843,29.9,0.9977782738078028,0.9566470588235294,0.6431226765799256,30270.1,0.37222222222222223,99.9,0.8125022667101875,0.3603124274998067,0.9152566179431237,0.8468235294117645,0.4038437577810718,0.6147860238385814,5.056251000001794,0.41317284835064644,0.610653546892633,0.9559442824748947,0.8846057309090843,0.233308705593447,18199.8,17.6,0.8607714016933208,0.7004048582995951,0.3686177624485241,0.44837721387681645,0.7688888888888888,0.3603124274998067,27.0,5.055454999994254
d9cb97a8ca5c4aed9db3d14b3bafe240,log_loss,relabel_data,17,20,none,20,0.5350530750852557,0.5615918117914253,0.33040987799153126,29.9,0.541405992826332,0.9352352941176469,0.4481707317073171,30273.1,0.4117647058823529,99.9,0.856639991199846,0.5007501995211492,0.7894682263149162,0.792235294117647,0.6730422482294774,0.39112645665824225,5.059041000000434,0.5537160937668367,0.37829891335267685,0.3391883706844337,0.33040987799153126,0.3697083876785341,18199.8,17.6,0.7582314205079962,0.5335753176043557,0.5078818222680181,0.997973697542047,0.6591928251121076,0.5007501995211492,27.5,5.058382999995956
951ef276bddc49fa9222fe08cf4b1dfe,log_loss,disparate_impact_remover,17,20,none,20,0.29143821147225124,0.3994558421524398,0.8898290382294153,29.9,0.872212038626964,0.9558235294117647,0.654275092936803,30248.2,0.38095238095238093,99.9,0.8033900917564284,0.3494487362184055,0.914610508179375,0.8480000000000001,0.3892592635537635,0.6167068046550759,5.222016999992775,0.4104072793527337,0.6136652734871888,0.9779735682819383,0.8898290382294153,0.1311556602313461,18199.8,17.6,0.8607714016933208,0.704,0.3403287663877174,0.3042768992023064,0.7619047619047619,0.3494487362184055,23.8,5.2145869999949355
15514d17e1e04320b3ff83bc2ce1cbbf,log_loss,none,17,20,none,20,0.4846744169049396,0.4079433237697597,0.8781466479193892,29.9,0.9853060453852053,0.9568823529411764,0.6468401486988847,30256.0,0.36875,99.9,0.810983570884561,0.358455146945684,0.9152659818527432,0.8444705882352942,0.40610042789156137,0.6177408852519041,5.051645999978064,0.4139465802763967,0.613786063663349,0.9494851994851996,0.8781466479193892,0.23489583964510308,18199.8,17.6,0.8617121354656632,0.703030303030303,0.3681893703910613,0.44277249870335605,0.7699115044247787,0.358455146945684,45.6,5.0511200000182725
b027f411218b4d0f86bc96bf49f73963,log_loss,relabel_data,17,3,standard,100,0.0,0.5348285279048074,-0.03476482617586907,29.9,0.6937613498789346,0.7545882352941176,0.22560975609756098,30251.2,0.24811632518175808,99.9,0.8723702664796634,0.0,0.7712543554006969,0.7515294117647059,0.8084969412224796,0.33427967926023333,5.0555720000120346,0.5299843747187151,0.2531183481505105,0.0,-0.03476482617586907,0.0,18199.8,17.6,0.7450611476952023,0.3532219570405728,0.533890463627045,0.0,0.8131868131868132,0.0,27.6,5.055246000003535
724dc69346cd4f9eb680cbd4e875da6d,log_loss,disparate_impact_remover,17,3,standard,100,0.0,0.3954138430671146,0.10830525537845585,29.9,0.8048728913720855,0.787470588235294,0.18587360594795538,30237.9,0.508029197080292,99.9,0.9341070606040666,0.04346268656716418,0.8821083778899367,0.7830588235294117,0.494019931469424,0.37555716822497986,9.31302400000277,0.3868410778163413,0.252179251859479,0.11030126336248784,0.10830525537845585,0.0,18199.8,17.6,0.793038570084666,0.3125,0.4242426023011633,0.0,0.9803921568627451,0.04346268656716418,21.7,8.427860000025248
0c4f3877bf194cc3ab4f05b19f2ce8cc,log_loss,none,17,3,standard,100,0.0,0.3954138430671146,0.10830525537845585,29.9,0.8048728913720855,0.7836470588235294,0.18587360594795538,30236.9,0.508029197080292,99.9,0.9341070606040666,0.04346268656716418,0.8824244098395964,0.7814117647058825,0.4939147390475009,0.37555716822497986,5.060147000011057,0.3868410778163413,0.252179251859479,0.11030126336248784,0.10830525537845585,0.0,18199.8,17.6,0.793038570084666,0.3125,0.4241863453611334,0.0,0.9803921568627451,0.04346268656716418,27.7,5.058973000006517
4b0352f7d24545d1867449673e7c2ecd,log_loss,relabel_data,17,3,none,100,0.0,0.5348285279048074,-0.03476482617586907,29.9,0.6937613498789346,0.7535294117647059,0.22560975609756098,30232.8,0.24811632518175808,99.9,0.8723702664796634,0.0,0.7712294673967148,0.7475294117647059,0.8084637679741107,0.33427967926023333,5.062743000016781,0.5299843747187151,0.2531183481505105,0.0,-0.03476482617586907,0.0,18199.8,17.6,0.7450611476952023,0.3532219570405728,0.5338962989931526,0.0,0.8131868131868132,0.0,27.4,5.0615689999831375
8926bdd8eecc4928841c0356fdc0f83a,log_loss,disparate_impact_remover,17,3,none,100,0.0,0.3954138430671146,0.10830525537845585,29.7,0.8048728913720855,0.7852941176470589,0.18587360594795538,30114.8,0.508029197080292,99.9,0.9341070606040666,0.04346268656716418,0.8821083778899367,0.7828235294117647,0.494019931469424,0.37555716822497986,5.209490999986883,0.3868410778163413,0.252179251859479,0.11030126336248784,0.10830525537845585,0.0,18199.8,17.6,0.793038570084666,0.3125,0.4242426023011633,0.0,0.9803921568627451,0.04346268656716418,6.1,5.211684999987483
0d3cbf428cd445bbaecb6f12e1f38243,log_loss,none,17,3,none,100,0.0,0.3954138430671146,0.10830525537845585,29.7,0.8048728913720855,0.7830588235294117,0.18587360594795538,30105.9,0.508029197080292,99.9,0.9341070606040666,0.04346268656716418,0.8824244098395964,0.7807058823529412,0.4939147390475009,0.37555716822497986,5.093644000007771,0.3868410778163413,0.252179251859479,0.11030126336248784,0.10830525537845585,0.0,18199.8,17.6,0.793038570084666,0.3125,0.4241863453611334,0.0,0.9803921568627451,0.04346268656716418,3.9,5.102309999987483
485bdd2aef6e43e3b4ebcf71cc4e6f6f,log_loss,relabel_data,17,3,standard,50,0.0,0.5297365091758119,-0.006895286036390343,29.8,0.7113439402104297,0.7505294117647059,0.2225609756097561,30218.8,0.25,99.9,0.8762764379895273,0.022634920634920636,0.7699477351916375,0.7475294117647058,0.8010260003678731,0.32700022461497524,5.05706600000849,0.5265040240423994,0.24760630643944415,0.029914529914529912,-0.006895286036390343,0.0,18199.8,17.6,0.7431796801505174,0.34844868735083534,0.5331006643293007,0.0,0.8021978021978022,0.022634920634920636,28.4,5.0561260000104085
fdce23056a3e463989b1289c7abac521,log_loss,disparate_impact_remover,17,3,standard,50,0.0,0.3996541862246443,-0.009980039920159722,29.7,0.7564480602529489,0.7861176470588236,0.21189591078066913,30082.3,0.4511070110701107,99.9,0.9148351648351648,0.0,0.8823729083366887,0.7823529411764706,0.5058103510487548,0.38141154362707635,5.217295999987982,0.39183034063580136,0.2757514199505804,0.0,-0.009980039920159722,0.0,18199.8,17.6,0.7958607714016933,0.34441087613293053,0.42216810085448053,0.0,0.9193548387096774,0.0,3.8,5.214611999981571
13bd6d133cc045b984ced73bca24d5bc,log_loss,none,17,3,standard,50,0.0,0.3996541862246443,-0.009980039920159722,29.8,0.7564480602529489,0.7925294117647059,0.21189591078066913,30166.2,0.4511070110701107,99.9,0.9148351648351648,0.0,0.8821294466865807,0.7858823529411765,0.5056505239113448,0.38141154362707635,5.056664000003366,0.39183034063580136,0.2757514199505804,0.0,-0.009980039920159722,0.0,18199.8,17.6,0.7958607714016933,0.34441087613293053,0.4221140018000568,0.0,0.9193548387096774,0.0,27.5,5.055816000007326
49b363df8d454f5590c5058790f713da,log_loss,relabel_data,17,3,none,50,0.0,0.5297365091758119,-0.006895286036390343,29.8,0.7113439402104297,0.7494705882352941,0.2225609756097561,30149.0,0.25,99.9,0.8762764379895273,0.022634920634920636,0.7699269951883192,0.7451764705882352,0.800959533110023,0.32700022461497524,5.061360000021523,0.5265040240423994,0.24760630643944415,0.029914529914529912,-0.006895286036390343,0.0,18199.8,17.6,0.7431796801505174,0.34844868735083534,0.5331125784417615,0.0,0.8021978021978022,0.022634920634920636,27.5,5.060469999996712
03fb79c667d340dca6b84773b7e0367d,log_loss,disparate_impact_remover,17,3,none,50,0.0,0.3996541862246443,-0.009980039920159722,29.7,0.7564480602529489,0.7875294117647058,0.21189591078066913,30114.5,0.4511070110701107,99.9,0.9148351648351648,0.0,0.8823729083366887,0.7832941176470588,0.5058103510487548,0.38141154362707635,5.197016999998596,0.39183034063580136,0.2757514199505804,0.0,-0.009980039920159722,0.0,18199.8,17.6,0.7958607714016933,0.34441087613293053,0.42216810085448053,0.0,0.9193548387096774,0.0,22.8,5.195888999995077
c867e215ff874f82963afcd030b01231,log_loss,none,17,3,none,50,0.0,0.3996541862246443,-0.009980039920159722,29.9,0.7564480602529489,0.791,0.21189591078066913,30228.5,0.4511070110701107,99.9,0.9148351648351648,0.0,0.8821294466865807,0.7870588235294118,0.5056505239113448,0.38141154362707635,5.051795000006678,0.39183034063580136,0.2757514199505804,0.0,-0.009980039920159722,0.0,18199.8,17.6,0.7958607714016933,0.34441087613293053,0.4221140018000568,0.0,0.9193548387096774,0.0,28.8,5.0513930000015534
3ce51725a4ae44be9c0ee911452ec105,log_loss,relabel_data,17,3,standard,20,0.0,0.548004913119052,-0.012982446399985206,29.9,0.5877760194987086,0.7418823529411764,0.3170731707317073,30239.4,0.24619240408714094,99.9,0.8237816575583177,0.03158361018826135,0.7609714617554338,0.7392941176470588,0.7837846708349147,0.39393058117604535,5.0823139999993145,0.5493533532426528,0.336254698605158,0.042232277526395176,-0.012982446399985206,0.0,18199.8,17.6,0.7638758231420508,0.4531590413943355,0.5298051861747594,0.0,0.7938931297709924,0.03158361018826135,27.5,5.091593999997713
8e6a714c20894521bd322dadccd588fc,log_loss,disparate_impact_remover,17,3,standard,20,0.0,0.39909807318775464,0.18564875262007313,29.9,0.789495290139751,0.7892941176470588,0.21933085501858737,30235.1,0.3688725490196078,99.9,0.9244752994752995,0.07366557045282064,0.8951897596284402,0.7872941176470588,0.5084309095741382,0.40529463521718573,5.218286999996053,0.39008968693957746,0.29127092951580635,0.189640768588137,0.18564875262007313,0.0,18199.8,17.6,0.8005644402634055,0.3575757575757576,0.4180305912163541,0.0,0.9672131147540983,0.07366557045282064,23.1,5.216637000004994
ecc5ddd0f0f4440999750bf81a158edb,log_loss,none,17,3,standard,20,0.0,0.39909807318775464,0.18564875262007313,29.9,0.789495290139751,0.7873529411764706,0.21933085501858737,30236.7,0.3688725490196078,99.9,0.9244752994752995,0.07366557045282064,0.8951733727866058,0.7877647058823529,0.5080484979041341,0.40529463521718573,5.989245999982813,0.39008968693957746,0.29127092951580635,0.189640768588137,0.18564875262007313,0.0,18199.8,17.6,0.8005644402634055,0.3575757575757576,0.4179485630521994,0.0,0.9672131147540983,0.07366557045282064,30.2,5.990640000003623
fb370b67d3aa44a088978d89a9c88b55,log_loss,relabel_data,17,3,none,20,0.0,0.548004913119052,-0.012982446399985206,29.9,0.5877760194987086,0.7502941176470588,0.3170731707317073,30232.1,0.24619240408714094,99.9,0.8237816575583177,0.03158361018826135,0.760917537746806,0.7454117647058823,0.7836042945537297,0.39393058117604535,5.058877000003122,0.5493533532426528,0.336254698605158,0.042232277526395176,-0.012982446399985206,0.0,18199.8,17.6,0.7638758231420508,0.4531590413943355,0.529842150055418,0.0,0.7938931297709924,0.03158361018826135,27.3,5.058050999999978
0a5a0e139704472fbbcbb0dcabe3e1af,log_loss,disparate_impact_remover,17,3,none,20,0.0,0.39909807318775464,0.18564875262007313,29.9,0.789495290139751,0.7952941176470588,0.21933085501858737,30246.5,0.3688725490196078,99.9,0.9244752994752995,0.07366557045282064,0.8951897596284402,0.7865882352941176,0.5084309095741382,0.40529463521718573,8.633460999990348,0.39008968693957746,0.29127092951580635,0.189640768588137,0.18564875262007313,0.0,18199.8,17.6,0.8005644402634055,0.3575757575757576,0.4180305912163541,0.0,0.9672131147540983,0.07366557045282064,27.5,7.9095760000054725
d27a9657e2e4407d97c295af2b23757c,log_loss,none,17,3,none,20,0.0,0.39909807318775464,0.18564875262007313,29.9,0.789495290139751,0.7939411764705883,0.21933085501858737,30238.7,0.3688725490196078,99.9,0.9244752994752995,0.07366557045282064,0.8951733727866058,0.7870588235294117,0.5080484979041341,0.40529463521718573,5.055974999995669,0.39008968693957746,0.29127092951580635,0.189640768588137,0.18564875262007313,0.0,18199.8,17.6,0.8005644402634055,0.3575757575757576,0.4179485630521994,0.0,0.9672131147540983,0.07366557045282064,27.6,5.054930999991484
96b883f712474d68897868ec9b3bc67a,entropy,relabel_data,17,20,standard,100,0.5724693740422665,0.5645790022796775,0.28567308841103173,29.9,0.5213845225422628,0.9422941176470587,0.4481707317073171,30253.2,0.2433414043583535,99.9,0.8440030765054517,0.4526984126984127,0.7912622366019578,0.7934117647058824,0.656846602771707,0.3977364935483471,5.062536999990698,0.5582633167468799,0.38384405436737234,0.3005366726296959,0.28567308841103173,0.3504864375173977,18199.8,17.6,0.7610536218250236,0.5364963503649635,0.49375581819216213,0.8958972783668204,0.6681818181818182,0.4526984126984127,17.6,5.061293000006117
9183607e695245d080020df021ecbc3d,entropy,disparate_impact_remover,17,20,standard,100,0.32311627793662645,0.40535320742836445,0.8713207093528363,29.7,0.9921722896039176,0.9651176470588236,0.6468401486988847,30097.6,0.3023255813953488,99.9,0.8056656458295802,0.3360517002615787,0.919418875769011,0.852470588235294,0.3986123151018957,0.6224378135171351,5.242005000007339,0.4137953099283335,0.6180494465328699,0.9494851994851996,0.8713207093528363,0.15659722643006874,18199.8,17.6,0.863593603010348,0.7058823529411765,0.305327127430211,0.2951816658022374,0.7767857142857143,0.3360517002615787,4.2,5.249088999989908
785ead0af11043e1bc46f834d1fb3303,entropy,none,17,20,standard,100,0.33029663966855144,0.4054106445917069,0.9032179032783226,29.9,0.9591137509004196,0.9633529411764705,0.654275092936803,30266.9,0.3589743589743589,99.9,0.8083158617698092,0.3472534236036313,0.9182717968406168,0.8512941176470589,0.3991511536598711,0.630677156735474,8.29055099998368,0.41334506246445907,0.6264378625591478,0.979386385426654,0.9032179032783226,0.1551899240281613,18199.8,17.6,0.8664158043273753,0.7125506072874493,0.3359093947034844,0.3177831986943243,0.7822222222222223,0.3472534236036313,17.5,7.595832999999402
8572f77242df431f8ddbc875510723f7,entropy,relabel_data,17,20,none,100,0.5612444843551634,0.5655747324424282,0.2877180781860828,29.7,0.520196858481802,0.9423529411764706,0.4481707317073171,30089.1,0.243161094224924,99.9,0.8455865719585577,0.4552274541101356,0.7914364526298324,0.7917647058823528,0.6583299924696931,0.3999611176225641,26.88825099999667,0.5584900667643707,0.38569930812682596,0.3005366726296959,0.2877180781860828,0.3436141544288213,18199.8,17.6,0.761994355597366,0.5374771480804388,0.4937397040467982,0.9138152239341568,0.6712328767123288,0.4552274541101356,4.7,26.88671299998532
2aa14458f3984107bf9aeb5d7719086e,entropy,disparate_impact_remover,17,20,none,100,0.32311627793662645,0.40535320742836445,0.8713207093528363,29.9,0.9921722896039176,0.9630588235294117,0.6468401486988847,30244.6,0.30952380952380953,99.9,0.8056656458295802,0.3360517002615787,0.919461013362299,0.8512941176470588,0.3994312208960823,0.6224378135171351,5.215337000001455,0.4137953099283335,0.6180494465328699,0.9494851994851996,0.8713207093528363,0.15659722643006874,18199.8,17.6,0.863593603010348,0.7058823529411765,0.3052737454084053,0.2951816658022374,0.7767857142857143,0.3360517002615787,13.5,5.2130229999893345
9130ca04aba64af3bf9fb7e3446f7810,entropy,none,17,20,none,100,0.33780338147920036,0.4066976625110456,0.8753127253209002,29.9,0.9878301789273138,0.9645882352941175,0.6468401486988847,30253.0,0.33333333333333337,99.9,0.8086831201585299,0.33955223880597013,0.9182858427050463,0.8494117647058823,0.40183750301725546,0.6271855634063113,5.066739000001689,0.4140633911935815,0.6223350733048942,0.9494851994851996,0.8753127253209002,0.16371528217689002,18199.8,17.6,0.8654750705550329,0.7087576374745418,0.3359270743723519,0.3085990142477937,0.7837837837837838,0.33955223880597013,12.8,5.065748999972129
2e97c80193674792b8bf7e1637f3bb88,entropy,relabel_data,17,20,standard,50,0.5724693740422665,0.55995130553968,0.3190660520365535,29.9,0.5337984397456499,0.9395294117647058,0.45426829268292684,30246.7,0.3039664378337147,99.9,0.8494836159632794,0.47533333333333333,0.7886738841878215,0.7917647058823529,0.667665369556801,0.40334021991386354,5.062852000002749,0.5546616179291581,0.38982911862383773,0.3339296362552177,0.3190660520365535,0.38942937501933084,18199.8,17.6,0.7629350893697083,0.5418181818181819,0.49742331582449434,0.9172281659469828,0.6711711711711712,0.47533333333333333,13.3,5.061742000019876
a6ca1a915405434083ac6b6e2201f907,entropy,disparate_impact_remover,17,20,standard,50,0.22750023650640025,0.40212778758489753,0.8852916594894074,29.9,0.9597263792420276,0.9618235294117646,0.6579925650557621,30225.3,0.2702702702702703,99.9,0.7981219600072059,0.3276081902047551,0.9202452407929358,0.8508235294117646,0.38758622094459044,0.6265777830729742,5.22473099999479,0.41352144042646627,0.6231350265404804,0.9728571428571429,0.8852916594894074,0.10760840849096927,18199.8,17.6,0.8645343367826905,0.7108433734939759,0.304470887161266,0.21607511449682767,0.7729257641921398,0.3276081902047551,27.5,5.221717000007629
64a88f33ea9d413f92c93c91feff10af,entropy,none,17,20,standard,50,0.23223982476695024,0.40019734902166737,0.8924040928982347,29.6,0.8749991069802777,0.9610588235294116,0.654275092936803,29988.6,0.3142857142857143,99.9,0.8052884615384616,0.34371002132196166,0.9175695036191511,0.8503529411764706,0.39611146894757665,0.6259710488739406,5.067173000017647,0.41074811887619767,0.6221582634366931,0.9779735682819383,0.8924040928982347,0.10451466674685389,18199.8,17.6,0.8645343367826905,0.7096774193548387,0.3647106493122627,0.2424706540518379,0.775330396475771,0.34371002132196166,4.4,5.065974999975879
4a01c7ae52e644359eca6561643f8d6e,entropy,relabel_data,17,20,none,50,0.5612444843551634,0.5609388739797853,0.3211110418116046,29.6,0.5325824979694639,0.9415882352941176,0.45426829268292684,30004.2,0.3216374269005848,99.9,0.8510773938543924,0.4779888268156424,0.7890098722415795,0.7908235294117647,0.6686245868985252,0.40556020508374363,5.066466999996919,0.5548869050433103,0.39168648301114195,0.3339296362552177,0.3211110418116046,0.3817935049209126,18199.8,17.6,0.7638758231420508,0.5428051001821493,0.49745036192937464,0.9355727292659224,0.6742081447963801,0.4779888268156424,4.1,5.06544499998563
e06be28941a94caaa6d8568bf9a88f93,entropy,disparate_impact_remover,17,20,none,50,0.22750023650640025,0.4014598012267831,0.8918209020589185,29.7,0.9474221948927709,0.9623529411764705,0.654275092936803,30115.9,0.2702702702702703,99.9,0.7996306971716808,0.32926277702397105,0.9204465648497561,0.8484705882352941,0.38805217109667833,0.6236366968296819,5.212557999999262,0.4127412112935861,0.6200267720456456,0.979386385426654,0.8918209020589185,0.10689101910102945,18199.8,17.6,0.863593603010348,0.7082494969818913,0.3042315876739282,0.2188812848149683,0.7719298245614035,0.32926277702397105,21.8,5.209444000007352
f7f3b92977a24caeb44476d5c160ed5a,entropy,none,17,20,none,50,0.23223982476695024,0.3995314632495847,0.8857961633828164,29.8,0.8640616181430243,0.9611176470588235,0.6505576208178439,30119.2,0.33333333333333337,99.9,0.8068021616541353,0.3454726368159204,0.9175741855739608,0.8472941176470588,0.39913158885541816,0.6230293537866536,65.88238799999817,0.409977484506824,0.6190406750420789,0.9713656387665199,0.8857961633828164,0.10380848656613191,18199.8,17.6,0.863593603010348,0.7070707070707071,0.36474143767460016,0.24553990283730417,0.7743362831858407,0.3454726368159204,11.2,65.80537899999763
4e683f281e344022959b6d9810fe891f,entropy,relabel_data,17,20,standard,20,0.5475794012578202,0.5612639993921658,0.32573991797020385,29.9,0.5370092574283305,0.9341176470588234,0.45121951219512196,30256.0,0.9117647058823529,99.9,0.8538496329223221,0.48936951316839583,0.7897336983573918,0.7927058823529411,0.6717668228403628,0.3983297531229129,54.52532300000894,0.5543000023108053,0.3849864925811697,0.33653846153846156,0.32573991797020385,0.3754078010546402,18199.8,17.6,0.7610536218250236,0.5381818181818182,0.5070887064062609,0.9690142537851377,0.6666666666666666,0.48936951316839583,32.6,54.40611500001978
927ccfff07544a2dae69e0b894cc3c36,entropy,disparate_impact_remover,17,20,standard,20,0.2804405431148078,0.3987878557943253,0.89244495177677,29.9,0.8794680476092737,0.9558235294117647,0.6579925650557621,30234.8,0.38636363636363635,99.9,0.7988340042795489,0.3442589035022905,0.9145449608120382,0.8510588235294116,0.38966429993091334,0.6151061756656189,157.205993999989,0.41091356970157605,0.612553418934092,0.9845814977973568,0.89244495177677,0.12705913591254447,18199.8,17.6,0.8598306679209784,0.7037773359840954,0.34070408545451253,0.28908848937826004,0.7564102564102564,0.3442589035022905,33.6,156.69533099999535
ef1e22f6162a40129bfaeb9adca363be,entropy,none,17,20,standard,20,0.4846744169049396,0.4072668008447684,0.8846057309090843,29.9,0.9977782738078028,0.9562352941176471,0.6431226765799256,30239.0,0.37222222222222223,99.9,0.8125022667101875,0.3603124274998067,0.9152566179431237,0.8430588235294119,0.4038437577810718,0.6147860238385814,65.35082799999509,0.41317284835064644,0.610653546892633,0.9559442824748947,0.8846057309090843,0.233308705593447,18199.8,17.6,0.8607714016933208,0.7004048582995951,0.3686177624485241,0.44837721387681645,0.7688888888888888,0.3603124274998067,31.5,65.29697699999087
2aec23fcd7254e77ba751a938d2ab38f,entropy,relabel_data,17,20,none,20,0.5350530750852557,0.5615918117914253,0.33040987799153126,29.9,0.541405992826332,0.9353529411764706,0.4481707317073171,30222.4,0.4117647058823529,99.9,0.856639991199846,0.5007501995211492,0.7894682263149162,0.7898823529411765,0.6730422482294774,0.39112645665824225,52.131778999988455,0.5537160937668367,0.37829891335267685,0.3391883706844337,0.33040987799153126,0.3697083876785341,18199.8,17.6,0.7582314205079962,0.5335753176043557,0.5078818222680181,0.997973697542047,0.6591928251121076,0.5007501995211492,31.4,52.10574099997757
9517684ae0164e3f8fc506938316d030,entropy,disparate_impact_remover,17,20,none,20,0.29143821147225124,0.3994558421524398,0.8898290382294153,29.9,0.872212038626964,0.9580588235294119,0.654275092936803,30256.3,0.38095238095238093,99.9,0.8033900917564284,0.3494487362184055,0.914610508179375,0.8461176470588235,0.3892592635537635,0.6167068046550759,622.2549910000234,0.4104072793527337,0.6136652734871888,0.9779735682819383,0.8898290382294153,0.1311556602313461,18199.8,17.6,0.8607714016933208,0.704,0.3403287663877174,0.3042768992023064,0.7619047619047619,0.3494487362184055,15.2,622.1500710000109
b91eead87aff405ab36e6550e6ddd709,entropy,none,17,20,none,20,0.4846744169049396,0.4079433237697597,0.8781466479193892,29.7,0.9853060453852053,0.9562352941176469,0.6468401486988847,30117.2,0.36875,99.9,0.810983570884561,0.358455146945684,0.9152659818527432,0.8376470588235294,0.40610042789156137,0.6177408852519041,140.66077499999665,0.4139465802763967,0.613786063663349,0.9494851994851996,0.8781466479193892,0.23489583964510308,18199.8,17.6,0.8617121354656632,0.703030303030303,0.3681893703910613,0.44277249870335605,0.7699115044247787,0.358455146945684,13.3,140.6142300000065
a3edf60e1a394cb086d4940130b2bbf7,entropy,relabel_data,17,3,standard,100,0.0,0.5348285279048074,-0.03476482617586907,29.9,0.6937613498789346,0.7498235294117647,0.22560975609756098,30263.9,0.24811632518175808,99.9,0.8723702664796634,0.0,0.7712543554006969,0.7465882352941178,0.8084969412224796,0.33427967926023333,144.86979900000733,0.5299843747187151,0.2531183481505105,0.0,-0.03476482617586907,0.0,18199.8,17.6,0.7450611476952023,0.3532219570405728,0.533890463627045,0.0,0.8131868131868132,0.0,26.3,144.8230620000104
92126c0d100749cb8672c33f2e4e46b4,entropy,disparate_impact_remover,17,3,standard,100,0.0,0.3954138430671146,0.10830525537845585,29.9,0.8048728913720855,0.7817647058823529,0.18587360594795538,30237.3,0.508029197080292,99.9,0.9341070606040666,0.04346268656716418,0.8821083778899367,0.7816470588235294,0.494019931469424,0.37555716822497986,412.1447240000125,0.3868410778163413,0.252179251859479,0.11030126336248784,0.10830525537845585,0.0,18199.8,17.6,0.793038570084666,0.3125,0.4242426023011633,0.0,0.9803921568627451,0.04346268656716418,30.8,411.3913870000106
e24bb06c38c3404f821974ef3a577ece,entropy,none,17,3,standard,100,0.0,0.3954138430671146,0.10830525537845585,29.9,0.8048728913720855,0.784235294117647,0.18587360594795538,30246.3,0.508029197080292,99.9,0.9341070606040666,0.04346268656716418,0.8824244098395964,0.7802352941176471,0.4939147390475009,0.37555716822497986,100.48164399998495,0.3868410778163413,0.252179251859479,0.11030126336248784,0.10830525537845585,0.0,18199.8,17.6,0.793038570084666,0.3125,0.4241863453611334,0.0,0.9803921568627451,0.04346268656716418,22.5,100.38374099999783
f7a8c8b5864241e996c1fbe0c33e5573,entropy,relabel_data,17,3,none,100,0.0,0.5348285279048074,-0.03476482617586907,29.9,0.6937613498789346,0.7524117647058823,0.22560975609756098,30230.7,0.24811632518175808,99.9,0.8723702664796634,0.0,0.7712294673967148,0.7468235294117647,0.8084637679741107,0.33427967926023333,119.14730199999758,0.5299843747187151,0.2531183481505105,0.0,-0.03476482617586907,0.0,18199.8,17.6,0.7450611476952023,0.3532219570405728,0.5338962989931526,0.0,0.8131868131868132,0.0,16.1,119.06098999999813
f714b4ac4a36475fb86ced9fbcae8d80,entropy,disparate_impact_remover,17,3,none,100,0.0,0.3954138430671146,0.10830525537845585,29.9,0.8048728913720855,0.7866470588235295,0.18587360594795538,30232.4,0.508029197080292,99.9,0.9341070606040666,0.04346268656716418,0.8821083778899367,0.7837647058823529,0.494019931469424,0.37555716822497986,493.6024090000137,0.3868410778163413,0.252179251859479,0.11030126336248784,0.10830525537845585,0.0,18199.8,17.6,0.793038570084666,0.3125,0.4242426023011633,0.0,0.9803921568627451,0.04346268656716418,19.5,493.4835520000197
dd89d577d47c4d2fa5982ad5c2126590,entropy,none,17,3,none,100,0.0,0.3954138430671146,0.10830525537845585,29.9,0.8048728913720855,0.7871176470588235,0.18587360594795538,30241.5,0.508029197080292,99.9,0.9341070606040666,0.04346268656716418,0.8824244098395964,0.7858823529411765,0.4939147390475009,0.37555716822497986,142.0660440000065,0.3868410778163413,0.252179251859479,0.11030126336248784,0.10830525537845585,0.0,18199.8,17.6,0.793038570084666,0.3125,0.4241863453611334,0.0,0.9803921568627451,0.04346268656716418,31.1,142.01777899998706
e162f5aa1dec4414aaf296afc2b61238,entropy,relabel_data,17,3,standard,50,0.0,0.5297365091758119,-0.006895286036390343,29.8,0.7113439402104297,0.7506470588235294,0.2225609756097561,30207.6,0.25,99.9,0.8762764379895273,0.022634920634920636,0.7699477351916375,0.7487058823529413,0.8010260003678731,0.32700022461497524,112.23522500001127,0.5265040240423994,0.24760630643944415,0.029914529914529912,-0.006895286036390343,0.0,18199.8,17.6,0.7431796801505174,0.34844868735083534,0.5331006643293007,0.0,0.8021978021978022,0.022634920634920636,31.9,111.73994800000219
3edb18a2d6174456b48eb98cdb8615ff,entropy,disparate_impact_remover,17,3,standard,50,0.0,0.3996541862246443,-0.009980039920159722,29.9,0.7564480602529489,0.7911176470588235,0.21189591078066913,30235.9,0.4511070110701107,99.9,0.9148351648351648,0.0,0.8823729083366887,0.7854117647058823,0.5058103510487548,0.38141154362707635,585.9262400000007,0.39183034063580136,0.2757514199505804,0.0,-0.009980039920159722,0.0,18199.8,17.6,0.7958607714016933,0.34441087613293053,0.42216810085448053,0.0,0.9193548387096774,0.0,20.0,585.8463210000191
e8f52be50634426a8705b5a34a018117,entropy,none,17,3,standard,50,0.0,0.3996541862246443,-0.009980039920159722,29.8,0.7564480602529489,0.7894117647058824,0.21189591078066913,30219.7,0.4511070110701107,99.9,0.9148351648351648,0.0,0.8821294466865807,0.7868235294117647,0.5056505239113448,0.38141154362707635,185.96710100001656,0.39183034063580136,0.2757514199505804,0.0,-0.009980039920159722,0.0,18199.8,17.6,0.7958607714016933,0.34441087613293053,0.4221140018000568,0.0,0.9193548387096774,0.0,47.7,185.96325400000205
525bb57b7c8d4dc6ad3ce05f340cc94d,entropy,relabel_data,17,3,none,50,0.0,0.5297365091758119,-0.006895286036390343,29.9,0.7113439402104297,0.7460000000000001,0.2225609756097561,30232.2,0.25,99.9,0.8762764379895273,0.022634920634920636,0.7699269951883192,0.744235294117647,0.800959533110023,0.32700022461497524,70.0574960000231,0.5265040240423994,0.24760630643944415,0.029914529914529912,-0.006895286036390343,0.0,18199.8,17.6,0.7431796801505174,0.34844868735083534,0.5331125784417615,0.0,0.8021978021978022,0.022634920634920636,13.1,70.04139999998733
ae3e7132e686406ea51d013d26c011ef,entropy,disparate_impact_remover,17,3,none,50,0.0,0.3996541862246443,-0.009980039920159722,29.8,0.7564480602529489,0.7861176470588236,0.21189591078066913,30191.8,0.4511070110701107,99.9,0.9148351648351648,0.0,0.8823729083366887,0.7807058823529411,0.5058103510487548,0.38141154362707635,145.82935700000962,0.39183034063580136,0.2757514199505804,0.0,-0.009980039920159722,0.0,18199.8,17.6,0.7958607714016933,0.34441087613293053,0.42216810085448053,0.0,0.9193548387096774,0.0,31.5,145.28642699998454
a76856440bb8445a8754ae4f48f06013,entropy,none,17,3,none,50,0.0,0.3996541862246443,-0.009980039920159722,29.8,0.7564480602529489,0.7902941176470588,0.21189591078066913,30185.0,0.4511070110701107,99.9,0.9148351648351648,0.0,0.8821294466865807,0.7903529411764707,0.5056505239113448,0.38141154362707635,51.064512000011746,0.39183034063580136,0.2757514199505804,0.0,-0.009980039920159722,0.0,18199.8,17.6,0.7958607714016933,0.34441087613293053,0.4221140018000568,0.0,0.9193548387096774,0.0,14.2,51.00713199999882
7f26e50c7dba462e832be5e26dc7efdb,entropy,relabel_data,17,3,standard,20,0.0,0.548004913119052,-0.012982446399985206,29.8,0.5877760194987086,0.748,0.3170731707317073,30174.9,0.24619240408714094,99.9,0.8237816575583177,0.03158361018826135,0.7609714617554338,0.7454117647058823,0.7837846708349147,0.39393058117604535,84.8040800000017,0.5493533532426528,0.336254698605158,0.042232277526395176,-0.012982446399985206,0.0,18199.8,17.6,0.7638758231420508,0.4531590413943355,0.5298051861747594,0.0,0.7938931297709924,0.03158361018826135,34.7,84.72910600001342
d4bb6e9eb62f4c8f943713e42f044249,entropy,disparate_impact_remover,17,3,standard,20,0.0,0.39909807318775464,0.18564875262007313,29.8,0.789495290139751,0.7885882352941176,0.21933085501858737,30207.8,0.3688725490196078,99.9,0.9244752994752995,0.07366557045282064,0.8951897596284402,0.7837647058823529,0.5084309095741382,0.40529463521718573,162.07530599998427,0.39008968693957746,0.29127092951580635,0.189640768588137,0.18564875262007313,0.0,18199.8,17.6,0.8005644402634055,0.3575757575757576,0.4180305912163541,0.0,0.9672131147540983,0.07366557045282064,16.8,161.29478100000415
b678a8f5afe64b51a4cbabf8e15f2ca3,entropy,none,17,3,standard,20,0.0,0.39909807318775464,0.18564875262007313,29.8,0.789495290139751,0.7909411764705883,0.21933085501858737,30179.0,0.3688725490196078,99.9,0.9244752994752995,0.07366557045282064,0.8951733727866058,0.7872941176470588,0.5080484979041341,0.40529463521718573,98.1378750000149,0.39008968693957746,0.29127092951580635,0.189640768588137,0.18564875262007313,0.0,18199.8,17.6,0.8005644402634055,0.3575757575757576,0.4179485630521994,0.0,0.9672131147540983,0.07366557045282064,27.5,98.03958499999135
05eb4fca53a2488bbb4808a8d4b6fec5,entropy,relabel_data,17,3,none,20,0.0,0.548004913119052,-0.012982446399985206,29.8,0.5877760194987086,0.7478823529411764,0.3170731707317073,30146.5,0.24619240408714094,99.9,0.8237816575583177,0.03158361018826135,0.760917537746806,0.7418823529411765,0.7836042945537297,0.39393058117604535,75.90046199999051,0.5493533532426528,0.336254698605158,0.042232277526395176,-0.012982446399985206,0.0,18199.8,17.6,0.7638758231420508,0.4531590413943355,0.529842150055418,0.0,0.7938931297709924,0.03158361018826135,30.0,75.33254800000577
f339d45ea662494eb6e3b82bdf07364c,entropy,disparate_impact_remover,17,3,none,20,0.0,0.39909807318775464,0.18564875262007313,29.8,0.789495290139751,0.7955294117647058,0.21933085501858737,30186.7,0.3688725490196078,99.9,0.9244752994752995,0.07366557045282064,0.8951897596284402,0.7898823529411765,0.5084309095741382,0.40529463521718573,505.3319859999756,0.39008968693957746,0.29127092951580635,0.189640768588137,0.18564875262007313,0.0,18199.8,17.6,0.8005644402634055,0.3575757575757576,0.4180305912163541,0.0,0.9672131147540983,0.07366557045282064,27.4,505.2190890000202
62191f4881db4c00b288cf3d698435a1,entropy,none,17,3,none,20,0.0,0.39909807318775464,0.18564875262007313,29.8,0.789495290139751,0.7911176470588236,0.21933085501858737,30193.8,0.3688725490196078,99.9,0.9244752994752995,0.07366557045282064,0.8951733727866058,0.7847058823529411,0.5080484979041341,0.40529463521718573,116.78727400000207,0.39008968693957746,0.29127092951580635,0.189640768588137,0.18564875262007313,0.0,18199.8,17.6,0.8005644402634055,0.3575757575757576,0.4179485630521994,0.0,0.9672131147540983,0.07366557045282064,43.7,116.76117700000759
56429eba3eaf4dca9f7ba3f09017a1df,gini,relabel_data,17,20,standard,100,0.6420636901023068,0.5563783953295431,0.30379281857511337,29.7,0.5284327648009587,0.9490000000000001,0.4603658536585366,30068.0,0.24864864864864866,99.9,0.839252590146134,0.4452771272443403,0.7885784801725568,0.7919999999999999,0.6676182960895994,0.41113523577335526,226.8787810000067,0.5551845049256973,0.39765147636115383,0.3288314738696418,0.30379281857511337,0.43010349833747014,18199.8,17.6,0.7657572906867357,0.5480943738656987,0.4998417523790357,0.8005913123088957,0.6771300448430493,0.4452771272443403,9.4,226.48052200002712
5fdb8c36e6b14e049f16a7324ddbcdd1,gini,disparate_impact_remover,17,20,standard,100,0.32311627793662645,0.40407044411371773,0.9078393708714979,29.7,0.944896375179211,0.9696470588235295,0.6505576208178439,30067.7,0.17500000000000004,99.9,0.8083158617698092,0.3472534236036313,0.9180096073712696,0.8472941176470588,0.3939937402470741,0.6253801124365098,529.061870000005,0.4124386039941423,0.6211764240036428,0.9860038610038612,0.9078393708714979,0.150797329154881,18201.2,16.2,0.8645343367826905,0.708502024291498,0.3100721939561194,0.3148604435223865,0.7777777777777778,0.3472534236036313,10.6,528.674954999995
323a3f6f3fab4d16baa3ce6408494a9f,gini,none,17,20,standard,100,0.30333364867520035,0.40273024363572857,0.8952338713421949,29.8,0.9507004723837493,0.9690588235294119,0.654275092936803,30206.8,0.2777777777777778,99.9,0.8022610613071139,0.3402382029247701,0.9173494517430918,0.8465882352941175,0.3936070730253333,0.6213146287197021,101.63072299998021,0.4128114491762726,0.617900790797987,0.979386385426654,0.8952338713421949,0.14252135880137262,18199.8,17.6,0.8626528692380057,0.7068273092369478,0.30983547713276954,0.2918417130866244,0.7685589519650655,0.3402382029247701,23.7,101.5306790000177
f5d9257787b44c6f9d2241b5cbe1b0d5,gini,relabel_data,17,20,none,100,0.6114892286688636,0.5609388739797853,0.29141628553203774,29.6,0.5199052188827756,0.9492352941176471,0.4573170731707317,29983.3,0.27835880933226065,99.9,0.839252590146134,0.4452771272443403,0.7885038161606104,0.7931764705882353,0.6674341637196834,0.406133040994577,165.34967799999868,0.5576519916142558,0.39281333560903464,0.3123899001761597,0.29141628553203774,0.3891412604005681,18204.0,13.4,0.7638758231420508,0.5444646098003629,0.49997135625670375,0.8307312205369954,0.672645739910314,0.4452771272443403,11.8,164.91823900002055
c6c8d7ba4af64d269b18858a88941b36,gini,disparate_impact_remover,17,20,none,100,0.32311627793662645,0.40273024363572857,0.9213462730770302,29.8,0.9215656004834281,0.9681764705882353,0.6431226765799256,30137.9,0.18333333333333335,99.9,0.8113432620011567,0.35087064676616914,0.917735713014898,0.8470588235294118,0.3943760427005522,0.6194908569086688,503.2794100000174,0.4108996539792388,0.6149143222950608,0.9995107632093935,0.9213462730770302,0.14875952740954476,18199.8,17.6,0.8626528692380057,0.7032520325203252,0.3103158943753724,0.32283159399130773,0.7757847533632287,0.35087064676616914,20.5,503.056156000006
63ed45943d39474095fa27e0cecd6ea3,gini,none,17,20,none,100,0.30333364867520035,0.4034003438747231,0.8887046287726837,29.6,0.9630472317653564,0.967764705882353,0.6579925650557621,29942.8,0.25,99.9,0.8007473611914402,0.3385284632115803,0.9170685344545053,0.8489411764705881,0.3963848235645967,0.6242595607139598,141.3936270000122,0.41359181108397824,0.6210077772887432,0.9728571428571429,0.8887046287726837,0.14347787798795902,18199.8,17.6,0.863593603010348,0.7094188376753507,0.3097164528892504,0.2881001526624369,0.7695652173913043,0.3385284632115803,33.8,141.34492500001215
0f82137bdd9b4d52b4cd0b89688684d3,gini,relabel_data,17,20,standard,50,0.6702862698870236,0.556001031779259,0.28119133665678214,29.7,0.5259226403976225,0.9497058823529413,0.4573170731707317,30064.4,0.2507575757575758,99.9,0.8313351128806045,0.43343465045592705,0.7878401360544216,0.7915294117647058,0.6677731702542085,0.3952007768426773,157.2440099999949,0.5565217391304348,0.38357269061749655,0.3123899001761597,0.28119133665678214,0.4265586892852381,18199.8,17.6,0.7591721542803387,0.539568345323741,0.5018406284443718,0.7578600608407677,0.6578947368421053,0.43343465045592705,19.5,156.97417300002417
7fbb2f748f1e48989f18a263de21c314,gini,disparate_impact_remover,17,20,standard,50,0.39530182939055364,0.406025434969705,0.8961096140240241,29.5,0.9706672127811989,0.9655882352941176,0.6579925650557621,29897.2,0.27601809954751133,99.9,0.8064274834076814,0.3529964391241761,0.9185925107450863,0.8451764705882352,0.3905069808130995,0.6265777830729742,604.6258810000145,0.41392809070245523,0.6231350265404804,0.9728571428571429,0.8961096140240241,0.18697914950558495,18199.8,17.6,0.8645343367826905,0.7108433734939759,0.3092557429134278,0.37544966703349497,0.7729257641921398,0.3529964391241761,28.2,604.4460529999924
13f2e1a8073549f68f64a33cf976a366,gini,none,17,20,standard,50,0.309653099689267,0.40413174665924095,0.9134575289872922,29.7,0.924854880780538,0.9682941176470587,0.6691449814126395,30018.4,0.39473684210526316,99.9,0.8018713959308019,0.3477014925373134,0.915785678836628,0.843764705882353,0.38949958279247604,0.6353745629306218,203.23032599998987,0.4139257963057703,0.6324117651386767,0.9956140350877193,0.9134575289872922,0.14311918329298914,18199.8,17.6,0.8673565380997178,0.718562874251497,0.31149756315889365,0.3069248785466303,0.7758620689655172,0.3477014925373134,11.2,203.22654999999213
14f232f24e614248bf7a88e259de9d42,gini,relabel_data,17,20,none,50,0.6398187121648861,0.5582891018688856,0.2852563773071887,29.6,0.5235852064402996,0.9462941176470588,0.4573170731707317,30013.9,0.26343873517786565,99.9,0.8340255177766582,0.44427051671732526,0.7877260660361706,0.7917647058823529,0.6665941447799624,0.3930446960093313,33.52041999998619,0.5572029653376077,0.3817347753962165,0.3123899001761597,0.2852563773071887,0.40716965795409094,18199.8,17.6,0.7582314205079962,0.5385996409335727,0.5020386763634526,0.7939486351665185,0.6550218340611353,0.44427051671732526,20.3,33.40175600000657
846de510090845b79d37b392b6928d5f,gini,disparate_impact_remover,17,20,none,50,0.39530182939055364,0.40535320742836445,0.9026388565935353,29.6,0.9582227613352863,0.9662352941176471,0.654275092936803,29982.4,0.27601809954751133,99.9,0.8079461792333079,0.35479744136460556,0.91810558744487,0.847058823529412,0.3907618373364285,0.6236366968296819,176.607107000018,0.4131500303815859,0.6200267720456456,0.979386385426654,0.9026388565935353,0.18573262184221434,18199.8,17.6,0.863593603010348,0.7082494969818913,0.30975663460170083,0.38032563673522873,0.7719298245614035,0.35479744136460556,22.4,175.5909260000044
547952b97c8442ea96ace30caa932cc6,gini,none,17,20,none,50,0.309653099689267,0.40479973301735533,0.906950247712209,29.5,0.9373529197100049,0.9674117647058823,0.6728624535315985,29892.3,0.42105263157894735,99.9,0.8003527001051753,0.345971634365486,0.9155000795932318,0.844470588235294,0.3919483402149546,0.6382982139995698,5.061176999995951,0.41471123424942463,0.63548810596857,0.9891067538126361,0.906950247712209,0.14406075686728512,18199.8,17.6,0.8682972718720602,0.7211155378486056,0.31165989038943553,0.3028325468326752,0.776824034334764,0.345971634365486,27.5,5.061751000001095
b558fb79b065488eaa2052a2acc7b457,gini,relabel_data,17,20,standard,20,0.5926741754790524,0.5543225718378456,0.3434236711772135,29.5,0.5450144986879073,0.942529411764706,0.4634146341463415,29873.6,0.5595238095238095,99.9,0.8473007188516888,0.5039248120300752,0.7794466567114651,0.7896470588235294,0.6597842905260425,0.38592817129095586,5.369646000006469,0.5520577011627341,0.37670486584606955,0.3644970414201183,0.3434236711772135,0.440079863506008,18199.8,17.6,0.7544684854186265,0.5380530973451327,0.63620345385152,0.8980144355481633,0.6413502109704642,0.5039248120300752,36.6,5.3718600000138395
d7ef31f520564126b5d1137724ab7f7f,gini,disparate_impact_remover,17,20,standard,20,0.3870663746115837,0.40259793084968504,0.8971162515426377,29.5,0.9584160231840775,0.9622941176470589,0.6319702602230484,29875.6,0.32839506172839505,99.9,0.8113432620011567,0.35087064676616914,0.9157294953789106,0.8470588235294116,0.37583703205332863,0.6035476363756958,5.612109000008786,0.4105139652014652,0.5990888834852688,0.9758597883597884,0.8971162515426377,0.1825204159404517,18199.8,17.6,0.8570084666039511,0.6910569105691057,0.31789133810315273,0.37150698840748375,0.7623318385650224,0.35087064676616914,27.4,5.704835999989882
f18f4e6cd0e94383b3368e48c551cd54,gini,none,17,20,standard,20,0.2804405431148078,0.39544792400375306,0.8594053041996775,29.5,0.826488044741245,0.9591764705882353,0.6394052044609665,29856.3,0.33625730994152037,99.9,0.8064274834076814,0.3529964391241761,0.9076343955128146,0.8423529411764706,0.3907713772348822,0.6002620113066142,5.058980000001611,0.40704432704901894,0.5969638478280137,0.9515418502202644,0.8594053041996775,0.12279540651950609,18199.8,17.6,0.8551269990592663,0.6907630522088354,0.3527816883531838,0.30761980279994344,0.7510917030567685,0.3529964391241761,29.8,5.058771999989403
d64d22d95963438887e253971f07e279,gini,relabel_data,17,20,none,20,0.5926741754790524,0.5543225718378456,0.3434236711772135,29.5,0.5450144986879073,0.9440588235294116,0.4634146341463415,29849.2,0.5548780487804879,99.9,0.8473007188516888,0.5039248120300752,0.7794881367181019,0.7832941176470588,0.6587583921963329,0.38592817129095586,6.387893000006443,0.5520577011627341,0.37670486584606955,0.3644970414201183,0.3434236711772135,0.440079863506008,18199.8,17.6,0.7544684854186265,0.5380530973451327,0.6363512498711555,0.8980144355481633,0.6413502109704642,0.5039248120300752,30.2,6.2408330000180285
ccfb9827c56a4bd5bc2a3faf00861185,gini,disparate_impact_remover,17,20,none,20,0.3715837196271204,0.40057482566953584,0.8999484298987682,29.5,0.9428252653171862,0.9654705882352941,0.6282527881040892,29848.2,0.2666666666666667,99.9,0.8098295618854829,0.3490526641404377,0.9150248611800399,0.8470588235294118,0.3789517676272049,0.5959093627702298,6.5708900000026915,0.4094654696290211,0.5917080290523781,0.9826839826839827,0.8999484298987682,0.1740027965298973,18199.8,17.6,0.8541862652869238,0.6855983772819473,0.3183710906833347,0.36094365717083726,0.7544642857142857,0.3490526641404377,15.7,6.355409000010695
5abcb2fe08704e74b23e8c3b06750629,gini,none,17,20,none,20,0.2804405431148078,0.3966993414847776,0.8946475949485762,29.5,0.8855229050799055,0.9616470588235293,0.6356877323420075,29819.5,0.3504273504273504,99.9,0.8037747614227877,0.3419653004015456,0.9072926128117011,0.847764705882353,0.39548864249896926,0.5972790753750414,5.062542999978177,0.4083877076663424,0.5938217218418971,0.986784140969163,0.8946475949485762,0.12734338453874705,18199.8,17.6,0.8541862652869238,0.6881287726358148,0.35289215710154204,0.28711181594661384,0.75,0.3419653004015456,42.2,5.062314999988303
7217b5445f864cc9aee09bc2def8c240,gini,relabel_data,17,3,standard,100,0.0,0.5336388039027056,-0.0011701047922579588,29.5,0.7021914886146176,0.751235294117647,0.22560975609756098,29824.1,0.2334675847732883,99.9,0.8790895244678243,0.02314935064935065,0.770617637298822,0.7454117647058824,0.8085451800794128,0.3422053832795047,5.067352999991272,0.5281620086888106,0.25706246248899023,0.029504741833508957,-0.0011701047922579588,0.0,18199.8,17.6,0.7469426152398871,0.354916067146283,0.533826091726627,0.0,0.8314606741573034,0.02314935064935065,29.8,5.067326999997022
a583ba70378041e8ad703ce720c13b15,gini,disparate_impact_remover,17,3,standard,100,0.0,0.4004555496271688,0.08362210204288759,29.4,0.7642407577516243,0.7902941176470588,0.22304832713754646,29804.7,0.46470588235294114,99.9,0.9161964532473514,0.03449419568822554,0.8837774947796203,0.788235294117647,0.4946057576832021,0.3984658973078198,7.348347000021022,0.3920369642931167,0.2914375663048002,0.09160613397901532,0.08362210204288759,0.0,18199.8,17.6,0.7996237064910631,0.36036036036036034,0.42177422022505107,0.0,0.9375,0.03449419568822554,21.5,7.327763999986928
6d9917df9ee24a17811f5a5323926c82,gini,none,17,3,standard,100,0.0,0.4004555496271688,0.08362210204288759,29.4,0.7642407577516243,0.7881764705882353,0.22304832713754646,29796.8,0.4777777777777778,99.9,0.9161964532473514,0.03449419568822554,0.8836838556834249,0.7861176470588236,0.49491325498963495,0.3984658973078198,5.1060339999967255,0.3920369642931167,0.2914375663048002,0.09160613397901532,0.08362210204288759,0.0,18199.8,17.6,0.7996237064910631,0.36036036036036034,0.42175285527749257,0.0,0.9375,0.03449419568822554,20.1,5.0988609999767505
a0e36456ed92493caa7c5825e2590bbd,gini,relabel_data,17,3,none,100,0.0,0.5336388039027056,-0.0011701047922579588,29.4,0.7021914886146176,0.7537058823529411,0.22560975609756098,29796.1,0.2334675847732883,99.9,0.8790895244678243,0.02314935064935065,0.7705803052928488,0.7489411764705882,0.8084786344658639,0.3422053832795047,5.223162000009324,0.5281620086888106,0.25706246248899023,0.029504741833508957,-0.0011701047922579588,0.0,18199.8,17.6,0.7469426152398871,0.354916067146283,0.5338377683077884,0.0,0.8314606741573034,0.02314935064935065,14.1,5.228728000016417
b0b26ae8a9ef4e8e983550f2dc031fc2,gini,disparate_impact_remover,17,3,none,100,0.0,0.4004555496271688,0.08362210204288759,29.4,0.7642407577516243,0.7942352941176469,0.22304832713754646,29766.5,0.46470588235294114,99.9,0.9161964532473514,0.03449419568822554,0.8837774947796203,0.7858823529411765,0.4946057576832021,0.3984658973078198,7.113252000010107,0.3920369642931167,0.2914375663048002,0.09160613397901532,0.08362210204288759,0.0,18199.8,17.6,0.7996237064910631,0.36036036036036034,0.42177422022505107,0.0,0.9375,0.03449419568822554,30.1,6.890374999988126
ee522b58206c43b586277f2c4fba3d1b,gini,none,17,3,none,100,0.0,0.4004555496271688,0.08362210204288759,29.3,0.7642407577516243,0.7887058823529413,0.22304832713754646,29632.4,0.4777777777777778,99.9,0.9161964532473514,0.03449419568822554,0.8836838556834249,0.7865882352941177,0.49491325498963495,0.3984658973078198,7.006391000002623,0.3920369642931167,0.2914375663048002,0.09160613397901532,0.08362210204288759,0.0,18199.8,17.6,0.7996237064910631,0.36036036036036034,0.42175285527749257,0.0,0.9375,0.03449419568822554,8.3,6.400489999999991
e8da56d7f81e4497a83cf5dff75d467f,gini,relabel_data,17,3,standard,50,0.2382025005124001,0.5348285279048074,-0.0015937564194334897,29.4,0.6976493486034909,0.7486470588235294,0.22865853658536586,29749.8,0.2702702702702703,99.9,0.8773838887008109,0.0447723704866562,0.7686971129915381,0.7468235294117647,0.8004424449100239,0.33376631203831963,5.224014000006719,0.5291067329553325,0.2546912797692198,0.029106029106029108,-0.0015937564194334897,0.24891904646505877,18199.8,17.6,0.7450611476952023,0.35629453681710216,0.5334582626891378,0.16105924965297508,0.8064516129032258,0.0447723704866562,27.0,5.178039999998873
a5ae6d2e159f40229c46b8f0596d79d6,gini,disparate_impact_remover,17,3,standard,50,0.0,0.40189603721575584,0.07047734887368116,29.3,0.7459985061959807,0.7894705882352941,0.241635687732342,29627.0,0.3979591836734694,99.9,0.9051745410278345,0.03060752575152407,0.8850931240811662,0.788235294117647,0.50520698101618,0.40281236420433,5.8244160000176635,0.394415390792033,0.30719666900388265,0.08444940476190475,0.07047734887368116,0.0,18199.8,17.6,0.8015051740357478,0.3812316715542522,0.42121400614779814,0.0,0.9027777777777778,0.03060752575152407,15.3,5.620510999986436
345433679b77435393beeab2e472f77d,gini,none,17,3,standard,50,0.0,0.40189603721575584,0.07047734887368116,29.4,0.7459985061959807,0.7907058823529411,0.241635687732342,29731.4,0.39,99.9,0.9051745410278345,0.03060752575152407,0.884978416188327,0.7856470588235294,0.5053599608809243,0.40281236420433,5.05936399998609,0.394415390792033,0.30719666900388265,0.08444940476190475,0.07047734887368116,0.0,18199.8,17.6,0.8015051740357478,0.3812316715542522,0.4211209316340222,0.0,0.9027777777777778,0.03060752575152407,27.8,5.057276000006823
bd4291ccb6d441c9965d711a94a354dc,gini,relabel_data,17,3,none,50,0.2382025005124001,0.5348285279048074,-0.0015937564194334897,29.4,0.6976493486034909,0.7528823529411764,0.22865853658536586,29739.4,0.2702702702702703,99.9,0.8773838887008109,0.0447723704866562,0.7686473369835739,0.7487058823529412,0.8003126024800133,0.33376631203831963,5.062650000007125,0.5291067329553325,0.2546912797692198,0.029106029106029108,-0.0015937564194334897,0.24891904646505877,18199.8,17.6,0.7450611476952023,0.35629453681710216,0.5334812565049954,0.16105924965297508,0.8064516129032258,0.0447723704866562,29.2,5.0607639999943785
d64205509d314de3b9d655b064bdbc22,gini,disparate_impact_remover,17,3,none,50,0.0,0.40189603721575584,0.07047734887368116,29.4,0.7459985061959807,0.7897058823529411,0.241635687732342,29744.7,0.3979591836734694,99.9,0.9051745410278345,0.03060752575152407,0.8850931240811662,0.7856470588235295,0.50520698101618,0.40281236420433,5.7357670000055805,0.394415390792033,0.30719666900388265,0.08444940476190475,0.07047734887368116,0.0,18199.8,17.6,0.8015051740357478,0.3812316715542522,0.42121400614779814,0.0,0.9027777777777778,0.03060752575152407,27.4,5.605608999991091
4a95843dfb04464d95249b9708b99f11,gini,none,17,3,none,50,0.0,0.40189603721575584,0.07047734887368116,29.3,0.7459985061959807,0.7886470588235295,0.241635687732342,29689.7,0.39,99.9,0.9051745410278345,0.03060752575152407,0.884978416188327,0.7849411764705883,0.5053599608809243,0.40281236420433,5.2810150000150315,0.394415390792033,0.30719666900388265,0.08444940476190475,0.07047734887368116,0.0,18199.8,17.6,0.8015051740357478,0.3812316715542522,0.4211209316340222,0.0,0.9027777777777778,0.03060752575152407,5.3,5.315169000008609
42bf795efe3f4603b37836b8c050d10e,gini,relabel_data,17,3,standard,20,0.0,0.551199130173727,-0.036549654529833824,29.4,0.5737692587723124,0.7475882352941177,0.3201219512195122,29802.9,0.25555555555555554,99.9,0.8172016219452894,0.015432900432900434,0.7611664177866269,0.7447058823529413,0.7818490387237245,0.3937345654273045,5.130512999981875,0.552578047283033,0.33759604761727424,0.020710059171597635,-0.036549654529833824,0.0,18199.8,17.6,0.7638758231420508,0.455531453362256,0.5299841685206211,0.0,0.7894736842105263,0.015432900432900434,27.6,5.119671999971615
cf59b44a9bd548d98b7ccee73c1c27f6,gini,disparate_impact_remover,17,3,standard,20,0.0,0.40053367776756676,0.17922025198996677,29.4,0.7802071102557538,0.7937647058823529,0.22676579925650558,29754.2,0.3548387096774194,99.9,0.9217115467115468,0.07125030584781014,0.8919451649452679,0.7910588235294118,0.5136919712181838,0.4128978098124252,5.600021000020206,0.39125937115828685,0.3002676931371504,0.18321226795803064,0.17922025198996677,0.0,18199.8,17.6,0.8024459078080903,0.3674698795180723,0.42070802579302446,0.0,0.9682539682539683,0.07125030584781014,23.4,5.476440999977058
0019dd3eec2f43b7b09deb426d436342,gini,none,17,3,standard,20,0.0,0.40053367776756676,0.17922025198996677,29.4,0.7802071102557538,0.7977058823529413,0.22676579925650558,29727.5,0.3548387096774194,99.9,0.9217115467115468,0.07125030584781014,0.8919779386289364,0.7903529411764706,0.5133941348808254,0.4128978098124252,5.062213999975938,0.39125937115828685,0.3002676931371504,0.18321226795803064,0.17922025198996677,0.0,18199.8,17.6,0.8024459078080903,0.3674698795180723,0.42064043877572554,0.0,0.9682539682539683,0.07125030584781014,43.7,5.060360000003129
994fb7fd6cb0489c895ecc4c955e6737,gini,relabel_data,17,3,none,20,0.0,0.551199130173727,-0.036549654529833824,29.3,0.5737692587723124,0.7506470588235294,0.3201219512195122,29687.0,0.25555555555555554,99.9,0.8172016219452894,0.015432900432900434,0.7610917537746806,0.7463529411764707,0.7815245943812625,0.3937345654273045,5.089841000008164,0.552578047283033,0.33759604761727424,0.020710059171597635,-0.036549654529833824,0.0,18199.8,17.6,0.7638758231420508,0.455531453362256,0.5300461966514416,0.0,0.7894736842105263,0.015432900432900434,26.1,5.072211999999126
0e77d79e9f4c4e74bb69ef591d6f0a12,gini,disparate_impact_remover,17,3,none,20,0.0,0.40053367776756676,0.17922025198996677,28.8,0.7802071102557538,0.7915882352941177,0.22676579925650558,29191.0,0.3548387096774194,99.9,0.9217115467115468,0.07125030584781014,0.8919451649452679,0.7837647058823529,0.5136919712181838,0.4128978098124252,6.233831999998074,0.39125937115828685,0.3002676931371504,0.18321226795803064,0.17922025198996677,0.0,18199.8,17.6,0.8024459078080903,0.3674698795180723,0.42070802579302446,0.0,0.9682539682539683,0.07125030584781014,26.4,5.2638459999870975
5e6fd4cb5fe44a3ab3857f9add48541a,gini,none,17,3,none,20,0.0,0.40053367776756676,0.17922025198996677,27.2,0.7802071102557538,0.7982941176470588,0.22676579925650558,27516.3,0.3548387096774194,99.9,0.9217115467115468,0.07125030584781014,0.8919779386289364,0.7936470588235294,0.5133941348808254,0.4128978098124252,6.63907800000743,0.39125937115828685,0.3002676931371504,0.18321226795803064,0.17922025198996677,0.0,18199.8,17.6,0.8024459078080903,0.3674698795180723,0.42064043877572554,0.0,0.9682539682539683,0.07125030584781014,62.2,5.681020000018179
