workflowId,normalization,classifier,criterion,max_depth,n_estimators,fairness_method,random_state,test_Log_Loss,test_False_Positives,test_False_Negatives,test_Equal_Opportunity,test_Equalized_Odds,test_Predictive_Equality,test_Treatment_Equality,test_Conditional_Statistical_Parity,test_Overall_Accuracy_Equality,test_Test_Fairness,test_Well_Calibration,overfitting_Accuracy_diff,overfitting_F1_diff,overfitting_AUC_diff,system/cpu_utilization_percentage,cluster
1,standard,random_forest,gini,3,50,balanced_subsample,42,0.1168473415794567,5,16,0.000561224489796,0.000561224489796,0.0005612244897959,0.5238095238095238,0.034810824244319,0.000142464678179,0.8013927684683586,0.0223932376264317,0.0018393330807123,0.0012451106507791,0.0028216031684299,0.0,0
2,standard,random_forest,gini,3,50,balanced,42,0.1161927509892933,5,16,0.000561224489796,0.000561224489796,0.0005612244897959,0.5238095238095238,0.034810824244319,0.000142464678179,0.8019080094555888,0.0221028966284108,0.0024550966275104,0.0016571208656871,0.0028032493758211,37.6,0
3,standard,random_forest,gini,3,50,,42,0.0995954422919581,14,2,0.0333673469387755,0.0333673469387755,0.0333673469387755,0.75,0.0061630649476202,0.0084701726844584,0.7789819285379882,0.0192244838947976,-0.0018533535430087,-0.0012247957572995,0.0016874589984381,19.7,2
4,standard,random_forest,gini,10,50,balanced_subsample,42,0.0532766889125954,7,2,0.0158673469387754,0.0158673469387754,0.0158673469387755,0.5555555555555556,0.0006277657713286,0.0040278649921507,0.9359551179239344,0.0068142599596001,0.0049226979916634,0.0032578245147345,0.0023938775510203,0.0,1
5,standard,random_forest,gini,10,50,balanced,42,0.07272083032014,6,2,0.0133673469387755,0.0133673469387755,0.0133673469387755,0.5,0.0001684871497728,0.0033932496075353,0.9366032908276112,0.0066756251105628,0.0043073133762788,0.0028518204347753,0.0042244897959183,17.0,1
6,standard,random_forest,gini,10,50,,42,0.0389711567706292,6,2,0.0133673469387755,0.0133673469387755,0.0133673469387755,0.5,0.0001684871497728,0.0033932496075353,0.9331117945914584,0.0068777597827135,0.0039994316028798,0.0026478637245662,0.003061224489796,14.5,1
7,standard,random_forest,gini,20,50,balanced_subsample,42,0.0537210961324562,7,3,0.0150510204081631,0.0150510204081632,0.0150510204081632,0.4,0.0018800700249032,0.0038206436420722,0.9340020408163268,0.0070729846153846,0.0061538461538461,0.0040749796251018,0.0022999999999999,0.0,1
8,standard,random_forest,gini,20,50,balanced,42,0.0736105026956947,5,3,0.0100510204081631,0.0100510204081632,0.0100510204081632,0.25,0.0034627088171091,0.0025514128728414,0.934315306122449,0.0068086153846153,0.0049230769230769,0.0032626427406199,0.0033959183673467,15.9,1
9,standard,random_forest,gini,20,50,,42,0.074014725702048,6,3,0.0125510204081632,0.0125510204081632,0.0125510204081632,0.3333333333333333,0.0026706815776302,0.0031860282574569,0.9335755102040816,0.0070148923076923,0.0055384615384614,0.0036689767631471,0.0033397959183673,0.0,1
10,standard,random_forest,entropy,3,50,balanced_subsample,42,0.1184722883766821,7,18,0.0028061224489795,0.0028061224489796,0.0028061224489795,0.44,0.0380295578349907,0.0007123233908947,0.797777094643529,0.0233262098586458,0.0027614626752556,0.001850184451445,0.0026294919585516,0.0,0
11,standard,random_forest,entropy,3,50,balanced,42,0.1172034442971091,7,22,0.0004591836734694,0.0004591836734694,0.0004591836734693,0.5172413793103449,0.0472269242258288,0.0001165620094192,0.8007635372694712,0.0231700324831282,0.0052230011367941,0.0035097328744446,0.0025172301176799,14.5,0
12,standard,random_forest,entropy,3,50,,42,0.1029842040059565,17,3,0.0400510204081632,0.0400510204081632,0.0400510204081632,0.7,0.0059487218089132,0.010166797488226,0.7726182090611936,0.0205859155634001,-0.0006233421750663,-0.0004093044592435,0.0024097331536629,13.5,2
13,standard,random_forest,entropy,10,50,balanced_subsample,42,0.069711364032494,5,3,0.0100510204081631,0.0100510204081632,0.0100510204081632,0.25,0.0034627088171091,0.0025514128728414,0.940123783363199,0.0059565961177743,0.0049230769230769,0.0032626427406199,0.0032173469387755,0.0,1
14,standard,random_forest,entropy,10,50,balanced,42,0.0707702053925358,5,3,0.0100510204081631,0.0100510204081632,0.0100510204081632,0.25,0.0034627088171091,0.0025514128728414,0.940093548829978,0.0064404479931315,0.0049230769230769,0.0032626427406199,0.0032612244897959,14.8,1
15,standard,random_forest,entropy,10,50,,42,0.0562773665892427,6,4,0.0117346938775509,0.011734693877551,0.011734693877551,0.2,0.0051602757061591,0.0029788069073783,0.9372994532801812,0.0065138576986501,0.0061538461538461,0.0040783034257748,0.0029714285714285,20.4,1
16,standard,random_forest,entropy,20,50,balanced_subsample,42,0.0695608767458747,5,3,0.0100510204081631,0.0100510204081632,0.0100510204081632,0.25,0.0034627088171091,0.0025514128728414,0.940761224489796,0.0059030153846153,0.0049230769230769,0.0032626427406199,0.0032112244897959,23.3,1
17,standard,random_forest,entropy,20,50,balanced,42,0.0709125156510761,6,4,0.0117346938775509,0.011734693877551,0.011734693877551,0.2,0.0051602757061591,0.0029788069073783,0.939580612244898,0.0065435076923076,0.0061538461538461,0.0040783034257748,0.0032265306122448,15.7,1
18,standard,random_forest,entropy,20,50,,42,0.0715691689496497,6,3,0.0125510204081632,0.0125510204081632,0.0125510204081632,0.3333333333333333,0.0026706815776302,0.0031860282574569,0.9382173469387756,0.0064443076923076,0.0055384615384614,0.0036689767631471,0.0032255102040816,16.8,1
19,standard,random_forest,log_loss,3,50,balanced_subsample,42,0.1184722883766821,7,18,0.0028061224489795,0.0028061224489796,0.0028061224489795,0.44,0.0380295578349907,0.0007123233908947,0.797777094643529,0.0233262098586458,0.0027614626752556,0.001850184451445,0.0026294919585516,14.5,0
20,standard,random_forest,log_loss,3,50,balanced,42,0.1172034442971091,7,22,0.0004591836734694,0.0004591836734694,0.0004591836734693,0.5172413793103449,0.0472269242258288,0.0001165620094192,0.8007635372694712,0.0231700324831282,0.0052230011367941,0.0035097328744446,0.0025172301176799,16.2,0
21,standard,random_forest,log_loss,3,50,,42,0.1029842040059565,17,3,0.0400510204081632,0.0400510204081632,0.0400510204081632,0.7,0.0059487218089132,0.010166797488226,0.7726182090611936,0.0205859155634001,-0.0006233421750663,-0.0004093044592435,0.0024097331536629,0.0,2
22,standard,random_forest,log_loss,10,50,balanced_subsample,42,0.069711364032494,5,3,0.0100510204081631,0.0100510204081632,0.0100510204081632,0.25,0.0034627088171091,0.0025514128728414,0.940123783363199,0.0059565961177743,0.0049230769230769,0.0032626427406199,0.0032173469387755,22.6,1
23,standard,random_forest,log_loss,10,50,balanced,42,0.0707702053925358,5,3,0.0100510204081631,0.0100510204081632,0.0100510204081632,0.25,0.0034627088171091,0.0025514128728414,0.940093548829978,0.0064404479931315,0.0049230769230769,0.0032626427406199,0.0032612244897959,14.3,1
24,standard,random_forest,log_loss,10,50,,42,0.0562773665892427,6,4,0.0117346938775509,0.011734693877551,0.011734693877551,0.2,0.0051602757061591,0.0029788069073783,0.9372994532801812,0.0065138576986501,0.0061538461538461,0.0040783034257748,0.0029714285714285,16.8,1
25,standard,random_forest,log_loss,20,50,balanced_subsample,42,0.0695608767458747,5,3,0.0100510204081631,0.0100510204081632,0.0100510204081632,0.25,0.0034627088171091,0.0025514128728414,0.940761224489796,0.0059030153846153,0.0049230769230769,0.0032626427406199,0.0032112244897959,16.1,1
26,standard,random_forest,log_loss,20,50,balanced,42,0.0709125156510761,6,4,0.0117346938775509,0.011734693877551,0.011734693877551,0.2,0.0051602757061591,0.0029788069073783,0.939580612244898,0.0065435076923076,0.0061538461538461,0.0040783034257748,0.0032265306122448,0.0,1
27,standard,random_forest,log_loss,20,50,,42,0.0715691689496497,6,3,0.0125510204081632,0.0125510204081632,0.0125510204081632,0.3333333333333333,0.0026706815776302,0.0031860282574569,0.9382173469387756,0.0064443076923076,0.0055384615384614,0.0036689767631471,0.0032255102040816,0.0,1
28,standard,random_forest,gini,3,100,balanced_subsample,42,0.1160397239307938,7,16,0.0044387755102039,0.004438775510204,0.004438775510204,0.391304347826087,0.0333632254536094,0.0011267660910517,0.8013194031347913,0.0218646575085991,0.0033779840848806,0.0022663670641869,0.0026836396685637,12.3,0
29,standard,random_forest,gini,3,100,balanced,42,0.1156141416798602,7,17,0.0036224489795917,0.0036224489795917,0.0036224489795918,0.4166666666666667,0.0357020977617184,0.0009195447409733,0.8016159781851894,0.0217222973706091,0.0039933687002652,0.0026800647559418,0.0026724914218746,14.0,0
30,standard,random_forest,gini,3,100,,42,0.1002408308273487,16,2,0.0383673469387755,0.0383673469387755,0.0383673469387755,0.7777777777777778,0.007732292882025,0.0097394034536891,0.7771663591547445,0.0195249279237448,-0.0009304660856385,-0.0006103724771271,0.0015499751154556,24.3,2
31,standard,random_forest,gini,10,100,balanced_subsample,42,0.053279721477177,7,3,0.0150510204081631,0.0150510204081632,0.0150510204081632,0.4,0.0018800700249032,0.0038206436420722,0.9342552454447052,0.0065017550379599,0.0058459643804471,0.0038708563346343,0.00275,0.0,1
32,standard,random_forest,gini,10,100,balanced,42,0.0544074566043435,6,3,0.0125510204081632,0.0125510204081632,0.0125510204081632,0.3333333333333333,0.0026706815776302,0.0031860282574569,0.9339913908136944,0.0066209755324278,0.0052305797650624,0.0034648534726796,0.0031989795918367,14.3,1
33,standard,random_forest,gini,10,100,,42,0.0366471222005914,6,2,0.0133673469387755,0.0133673469387755,0.0133673469387755,0.5,0.0001684871497728,0.0033932496075353,0.9328323947465474,0.0066513877335831,0.0039994316028798,0.0026478637245662,0.0025061224489795,20.7,1
34,standard,random_forest,gini,20,100,balanced_subsample,42,0.0537611124537596,7,3,0.0150510204081631,0.0150510204081632,0.0150510204081632,0.4,0.0018800700249032,0.0038206436420722,0.9329836734693876,0.0067371692307692,0.0058459643804471,0.0038708563346343,0.0025112244897959,16.8,1
35,standard,random_forest,gini,20,100,balanced,42,0.0730835022445279,5,3,0.0100510204081631,0.0100510204081632,0.0100510204081632,0.25,0.0034627088171091,0.0025514128728414,0.9328438775510204,0.0067365538461538,0.0046151951496778,0.0030585194501524,0.003484693877551,17.0,1
36,standard,random_forest,gini,20,100,,42,0.0532169228004446,6,3,0.0125510204081632,0.0125510204081632,0.0125510204081632,0.3333333333333333,0.0026706815776302,0.0031860282574569,0.9352505102040816,0.0064929846153846,0.0052305797650624,0.0034648534726796,0.0024377551020406,14.8,1
37,standard,random_forest,entropy,3,100,balanced_subsample,42,0.1178162833743807,6,21,0.0021428571428571,0.0021428571428571,0.0021428571428571,0.5555555555555556,0.0456437319526038,0.000543956043956,0.7973955909219346,0.0225838194701572,0.0049158772262219,0.0033141549350208,0.0026580735528705,10.5,0
38,standard,random_forest,entropy,3,100,balanced,42,0.1171983029493773,6,21,0.0021428571428571,0.0021428571428571,0.0021428571428571,0.5555555555555556,0.0456437319526038,0.000543956043956,0.7987948669863825,0.0225017948537013,0.0046079954528229,0.0031079396412306,0.0026524858751959,14.0,0
39,standard,random_forest,entropy,3,100,,42,0.1012775844725207,16,3,0.0375510204081632,0.0375510204081633,0.0375510204081632,0.6842105263157895,0.0051721330978947,0.0095321821036107,0.7763847514431597,0.020158066107927,0.0003006820765441,0.0001953727192524,0.0020813169751536,10.6,2
40,standard,random_forest,entropy,10,100,balanced_subsample,42,0.0702259389693255,5,3,0.0100510204081631,0.0100510204081632,0.0100510204081632,0.25,0.0034627088171091,0.0025514128728414,0.9400212694629756,0.0060610575839443,0.0049230769230769,0.0032626427406199,0.0034663265306122,12.4,1
41,standard,random_forest,entropy,10,100,balanced,42,0.0706380034092989,6,3,0.0125510204081632,0.0125510204081632,0.0125510204081632,0.3333333333333333,0.0026706815776302,0.0031860282574569,0.9394898496176192,0.0061588986230986,0.0052305797650624,0.0034648534726796,0.0037897959183673,0.0,1
42,standard,random_forest,entropy,10,100,,42,0.0563224818116045,6,3,0.0125510204081632,0.0125510204081632,0.0125510204081632,0.3333333333333333,0.0026706815776302,0.0031860282574569,0.9384038580783802,0.0062677506355969,0.0055384615384614,0.0036689767631471,0.0032204081632652,11.6,1
43,standard,random_forest,entropy,20,100,balanced_subsample,42,0.0702128681820468,5,3,0.0100510204081631,0.0100510204081632,0.0100510204081632,0.25,0.0034627088171091,0.0025514128728414,0.9403076530612244,0.006060923076923,0.0049230769230769,0.0032626427406199,0.0033948979591836,52.1,1
44,standard,random_forest,entropy,20,100,balanced,42,0.0704784437479872,6,3,0.0125510204081632,0.0125510204081632,0.0125510204081632,0.3333333333333333,0.0026706815776302,0.0031860282574569,0.9396581632653062,0.006164923076923,0.0052305797650624,0.0034648534726796,0.0034122448979591,15.4,1
45,standard,random_forest,entropy,20,100,,42,0.0516894762953196,6,3,0.0125510204081632,0.0125510204081632,0.0125510204081632,0.3333333333333333,0.0026706815776302,0.0031860282574569,0.939644387755102,0.0061558769230769,0.0055384615384614,0.0036689767631471,0.0024193877551019,22.2,1
46,standard,random_forest,log_loss,3,100,balanced_subsample,42,0.1178162833743807,6,21,0.0021428571428571,0.0021428571428571,0.0021428571428571,0.5555555555555556,0.0456437319526038,0.000543956043956,0.7973955909219346,0.0225838194701572,0.0049158772262219,0.0033141549350208,0.0026580735528705,0.0,0
47,standard,random_forest,log_loss,3,100,balanced,42,0.1171983029493773,6,21,0.0021428571428571,0.0021428571428571,0.0021428571428571,0.5555555555555556,0.0456437319526038,0.000543956043956,0.7987948669863825,0.0225017948537013,0.0046079954528229,0.0031079396412306,0.0026524858751959,0.0,0
48,standard,random_forest,log_loss,3,100,,42,0.1012775844725207,16,3,0.0375510204081632,0.0375510204081633,0.0375510204081632,0.6842105263157895,0.0051721330978947,0.0095321821036107,0.7763847514431597,0.020158066107927,0.0003006820765441,0.0001953727192524,0.0020813169751536,0.0,2
49,standard,random_forest,log_loss,10,100,balanced_subsample,42,0.0702259389693255,5,3,0.0100510204081631,0.0100510204081632,0.0100510204081632,0.25,0.0034627088171091,0.0025514128728414,0.9400212694629756,0.0060610575839443,0.0049230769230769,0.0032626427406199,0.0034663265306122,22.3,1
50,standard,random_forest,log_loss,10,100,balanced,42,0.0706380034092989,6,3,0.0125510204081632,0.0125510204081632,0.0125510204081632,0.3333333333333333,0.0026706815776302,0.0031860282574569,0.9394898496176192,0.0061588986230986,0.0052305797650624,0.0034648534726796,0.0037897959183673,15.3,1
51,standard,random_forest,log_loss,10,100,,42,0.0563224818116045,6,3,0.0125510204081632,0.0125510204081632,0.0125510204081632,0.3333333333333333,0.0026706815776302,0.0031860282574569,0.9384038580783802,0.0062677506355969,0.0055384615384614,0.0036689767631471,0.0032204081632652,18.6,1
52,standard,random_forest,log_loss,20,100,balanced_subsample,42,0.0702128681820468,5,3,0.0100510204081631,0.0100510204081632,0.0100510204081632,0.25,0.0034627088171091,0.0025514128728414,0.9403076530612244,0.006060923076923,0.0049230769230769,0.0032626427406199,0.0033948979591836,14.2,1
53,standard,random_forest,log_loss,20,100,balanced,42,0.0704784437479872,6,3,0.0125510204081632,0.0125510204081632,0.0125510204081632,0.3333333333333333,0.0026706815776302,0.0031860282574569,0.9396581632653062,0.006164923076923,0.0052305797650624,0.0034648534726796,0.0034122448979591,15.3,1
54,standard,random_forest,log_loss,20,100,,42,0.0516894762953196,6,3,0.0125510204081632,0.0125510204081632,0.0125510204081632,0.3333333333333333,0.0026706815776302,0.0031860282574569,0.939644387755102,0.0061558769230769,0.0055384615384614,0.0036689767631471,0.0024193877551019,14.3,1
55,standard,random_forest,gini,3,200,balanced_subsample,42,0.1164553447974216,7,17,0.0036224489795917,0.0036224489795917,0.0036224489795918,0.4166666666666667,0.0357020977617184,0.0009195447409733,0.7979722223950929,0.0215652933806337,0.0046091322470632,0.0030889790883891,0.0023382425181919,13.3,0
56,standard,random_forest,gini,3,200,balanced,42,0.1161100774855907,7,17,0.0036224489795917,0.0036224489795917,0.0036224489795918,0.4166666666666667,0.0357020977617184,0.0009195447409733,0.7984715786536191,0.0214683117399098,0.0049170140204622,0.0032947736686191,0.0024689903063908,16.2,0
57,standard,random_forest,gini,3,200,,42,0.101473752936494,18,3,0.0425510204081632,0.0425510204081633,0.0425510204081632,0.7142857142857143,0.0067239212400502,0.0108014128728414,0.7736198433690568,0.019823961026617,0.0002999242137172,0.0001977759672557,0.0019788481278717,0.0,2
58,standard,random_forest,gini,10,200,balanced_subsample,42,0.0540194123027537,6,3,0.0125510204081632,0.0125510204081632,0.0125510204081632,0.3333333333333333,0.0026706815776302,0.0031860282574569,0.9320767989584198,0.0065402209046682,0.0055384615384614,0.0036689767631471,0.0029071428571428,20.3,1
59,standard,random_forest,gini,10,200,balanced,42,0.0538103789900629,6,3,0.0125510204081632,0.0125510204081632,0.0125510204081632,0.3333333333333333,0.0026706815776302,0.0031860282574569,0.9324631578560302,0.0065222127551555,0.0055384615384614,0.0036689767631471,0.002984693877551,14.7,1
60,standard,random_forest,gini,10,200,,42,0.0367192333277164,6,2,0.0133673469387755,0.0133673469387755,0.0133673469387755,0.5,0.0001684871497728,0.0033932496075353,0.9330455736376556,0.0064075505621357,0.0039994316028798,0.0026478637245662,0.0026724489795918,14.0,1
61,standard,random_forest,gini,20,200,balanced_subsample,42,0.0543095224249232,6,3,0.0125510204081632,0.0125510204081632,0.0125510204081632,0.3333333333333333,0.0026706815776302,0.0031860282574569,0.931741581632653,0.0066758769230769,0.0055384615384614,0.0036689767631471,0.0027877551020408,16.1,1
62,standard,random_forest,gini,20,200,balanced,42,0.0542299911780965,5,3,0.0100510204081631,0.0100510204081632,0.0100510204081632,0.25,0.0034627088171091,0.0025514128728414,0.9319201530612244,0.0066698769230769,0.0049230769230769,0.0032626427406199,0.0027489795918367,10.7,1
63,standard,random_forest,gini,20,200,,42,0.0539744023145609,6,3,0.0125510204081632,0.0125510204081632,0.0125510204081632,0.3333333333333333,0.0026706815776302,0.0031860282574569,0.9340061224489796,0.0065545692307692,0.0055384615384614,0.0036689767631471,0.0025163265306122,16.5,1
64,standard,random_forest,entropy,3,200,balanced_subsample,42,0.1182663775066777,6,19,0.0005102040816326,0.0005102040816326,0.0005102040816326,0.52,0.0410543475655071,0.000129513343799,0.795459765735714,0.0224636344176066,0.0043008715422507,0.0028995611737955,0.0023684199549691,11.4,0
65,standard,random_forest,entropy,3,200,balanced,42,0.1180503864682629,6,20,0.0013265306122448,0.0013265306122448,0.0013265306122449,0.5384615384615384,0.0433545957546962,0.0003367346938776,0.795899628667771,0.0224320099682608,0.0052241379310344,0.0035172339933372,0.0023454565355677,10.0,0
66,standard,random_forest,entropy,3,200,,42,0.1014697522020383,16,3,0.0375510204081632,0.0375510204081633,0.0375510204081632,0.6842105263157895,0.0051721330978947,0.0095321821036107,0.7755011323424725,0.0201922308388419,-0.0006229632436529,-0.0004093071363573,0.0019532396548969,14.9,2
67,standard,random_forest,entropy,10,200,balanced_subsample,42,0.0703861176451225,5,3,0.0100510204081631,0.0100510204081632,0.0100510204081632,0.25,0.0034627088171091,0.0025514128728414,0.9390092248749996,0.0059428995886811,0.0049230769230769,0.0032626427406199,0.003781632653061,16.1,1
68,standard,random_forest,entropy,10,200,balanced,42,0.0515567470754749,6,3,0.0125510204081632,0.0125510204081632,0.0125510204081632,0.3333333333333333,0.0026706815776302,0.0031860282574569,0.9389035535790264,0.0059937748951525,0.0055384615384614,0.0036689767631471,0.0029061224489796,13.9,1
69,standard,random_forest,entropy,10,200,,42,0.0567024649607416,6,3,0.0125510204081632,0.0125510204081632,0.0125510204081632,0.3333333333333333,0.0026706815776302,0.0031860282574569,0.9377963785289511,0.0061549846402514,0.0055384615384614,0.0036689767631471,0.004045918367347,14.3,1
70,standard,random_forest,entropy,20,200,balanced_subsample,42,0.0704579679170671,5,3,0.0100510204081631,0.0100510204081632,0.0100510204081632,0.25,0.0034627088171091,0.0025514128728414,0.9390938775510206,0.0059815076923076,0.0049230769230769,0.0032626427406199,0.0036612244897958,10.2,1
71,standard,random_forest,entropy,20,200,balanced,42,0.0515242360770939,6,3,0.0125510204081632,0.0125510204081632,0.0125510204081632,0.3333333333333333,0.0026706815776302,0.0031860282574569,0.9388089285714286,0.0060180153846153,0.0055384615384614,0.0036689767631471,0.0027071428571429,11.0,1
72,standard,random_forest,entropy,20,200,,42,0.052472411225023,6,3,0.0125510204081632,0.0125510204081632,0.0125510204081632,0.3333333333333333,0.0026706815776302,0.0031860282574569,0.9384147959183672,0.0061379692307692,0.0055384615384614,0.0036689767631471,0.002738775510204,14.9,1
73,standard,random_forest,log_loss,3,200,balanced_subsample,42,0.1182663775066777,6,19,0.0005102040816326,0.0005102040816326,0.0005102040816326,0.52,0.0410543475655071,0.000129513343799,0.795459765735714,0.0224636344176066,0.0043008715422507,0.0028995611737955,0.0023684199549691,13.0,0
74,standard,random_forest,log_loss,3,200,balanced,42,0.1180503864682629,6,20,0.0013265306122448,0.0013265306122448,0.0013265306122449,0.5384615384615384,0.0433545957546962,0.0003367346938776,0.795899628667771,0.0224320099682608,0.0052241379310344,0.0035172339933372,0.0023454565355677,17.2,0
75,standard,random_forest,log_loss,3,200,,42,0.1014697522020383,16,3,0.0375510204081632,0.0375510204081633,0.0375510204081632,0.6842105263157895,0.0051721330978947,0.0095321821036107,0.7755011323424725,0.0201922308388419,-0.0006229632436529,-0.0004093071363573,0.0019532396548969,0.0,2
76,standard,random_forest,log_loss,10,200,balanced_subsample,42,0.0703861176451225,5,3,0.0100510204081631,0.0100510204081632,0.0100510204081632,0.25,0.0034627088171091,0.0025514128728414,0.9390092248749996,0.0059428995886811,0.0049230769230769,0.0032626427406199,0.003781632653061,17.2,1
77,standard,random_forest,log_loss,10,200,balanced,42,0.0515567470754749,6,3,0.0125510204081632,0.0125510204081632,0.0125510204081632,0.3333333333333333,0.0026706815776302,0.0031860282574569,0.9389035535790264,0.0059937748951525,0.0055384615384614,0.0036689767631471,0.0029061224489796,29.8,1
78,standard,random_forest,log_loss,10,200,,42,0.0567024649607416,6,3,0.0125510204081632,0.0125510204081632,0.0125510204081632,0.3333333333333333,0.0026706815776302,0.0031860282574569,0.9377963785289511,0.0061549846402514,0.0055384615384614,0.0036689767631471,0.004045918367347,31.3,1
79,standard,random_forest,log_loss,20,200,balanced_subsample,42,0.0704579679170671,5,3,0.0100510204081631,0.0100510204081632,0.0100510204081632,0.25,0.0034627088171091,0.0025514128728414,0.9390938775510206,0.0059815076923076,0.0049230769230769,0.0032626427406199,0.0036612244897958,30.3,1
80,standard,random_forest,log_loss,20,200,balanced,42,0.0515242360770939,6,3,0.0125510204081632,0.0125510204081632,0.0125510204081632,0.3333333333333333,0.0026706815776302,0.0031860282574569,0.9388089285714286,0.0060180153846153,0.0055384615384614,0.0036689767631471,0.0027071428571429,23.6,1
81,standard,random_forest,log_loss,20,200,,42,0.052472411225023,6,3,0.0125510204081632,0.0125510204081632,0.0125510204081632,0.3333333333333333,0.0026706815776302,0.0031860282574569,0.9384147959183672,0.0061379692307692,0.0055384615384614,0.0036689767631471,0.002738775510204,30.4,1
82,minmax,random_forest,gini,3,50,balanced_subsample,42,0.1168373351045163,6,16,0.001938775510204,0.001938775510204,0.001938775510204,0.4545454545454545,0.0340861186389641,0.0004921507064364,0.8012327140267527,0.0224072036846752,0.0024547176960969,0.001651417992541,0.0028139475657685,44.1,0
83,minmax,random_forest,gini,3,50,balanced,42,0.1161591954114909,6,16,0.001938775510204,0.001938775510204,0.001938775510204,0.4545454545454545,0.0340861186389641,0.0004921507064364,0.8017621485317136,0.0221050420496866,0.0030704812428949,0.002063428207449,0.002797637978069,0.0,0
84,minmax,random_forest,gini,3,50,,42,0.0996536506019067,14,2,0.0333673469387755,0.0333673469387755,0.0333673469387755,0.75,0.0061630649476202,0.0084701726844584,0.7786278242458172,0.0192443509196518,-0.0018533535430087,-0.0012247957572995,0.0016726656215078,25.9,2
85,minmax,random_forest,gini,10,50,balanced_subsample,42,0.0532092374995412,7,2,0.0158673469387754,0.0158673469387754,0.0158673469387755,0.5555555555555556,0.0006277657713286,0.0040278649921507,0.9359126943600748,0.006817654736364,0.0049226979916634,0.0032578245147345,0.002384693877551,22.9,1
86,minmax,random_forest,gini,10,50,balanced,42,0.0727900242009529,6,2,0.0133673469387755,0.0133673469387755,0.0133673469387755,0.5,0.0001684871497728,0.0033932496075353,0.9362723125841016,0.006692622508679,0.0043073133762788,0.0028518204347753,0.0042091836734693,33.3,1
87,minmax,random_forest,gini,10,50,,42,0.0388381726365537,6,2,0.0133673469387755,0.0133673469387755,0.0133673469387755,0.5,0.0001684871497728,0.0033932496075353,0.9330029356846192,0.0068560170304294,0.0039994316028798,0.0026478637245662,0.0030438775510203,26.5,1
88,minmax,random_forest,gini,20,50,balanced_subsample,42,0.0535715902621786,7,3,0.0150510204081631,0.0150510204081632,0.0150510204081632,0.4,0.0018800700249032,0.0038206436420722,0.9337836734693878,0.0070889846153846,0.0061538461538461,0.0040749796251018,0.0022602040816326,22.2,1
89,minmax,random_forest,gini,20,50,balanced,42,0.0736962280009306,5,3,0.0100510204081631,0.0100510204081632,0.0100510204081632,0.25,0.0034627088171091,0.0025514128728414,0.9339816326530612,0.0068219076923076,0.0049230769230769,0.0032626427406199,0.0034020408163265,46.4,1
90,minmax,random_forest,gini,20,50,,42,0.0740037522537,6,3,0.0125510204081632,0.0125510204081632,0.0125510204081632,0.3333333333333333,0.0026706815776302,0.0031860282574569,0.9332377551020408,0.0070498461538461,0.0055384615384614,0.0036689767631471,0.0033336734693877,25.0,1
91,minmax,random_forest,entropy,3,50,balanced_subsample,42,0.1184234814411428,7,18,0.0028061224489795,0.0028061224489796,0.0028061224489795,0.44,0.0380295578349907,0.0007123233908947,0.7976786414624426,0.0233075280167805,0.0027614626752556,0.001850184451445,0.0026065319277326,0.0,0
92,minmax,random_forest,entropy,3,50,balanced,42,0.117155068551811,7,22,0.0004591836734694,0.0004591836734694,0.0004591836734693,0.5172413793103449,0.0472269242258288,0.0001165620094192,0.8006652174419737,0.0231516513673997,0.0052230011367941,0.0035097328744446,0.0024963142917696,0.0,0
93,minmax,random_forest,entropy,3,50,,42,0.1029992628746016,17,3,0.0400510204081632,0.0400510204081632,0.0400510204081632,0.7,0.0059487218089132,0.010166797488226,0.7725252740963335,0.0206010592575749,-0.0009312239484652,-0.0006105372200359,0.0024076923373363,64.4,2
94,minmax,random_forest,entropy,10,50,balanced_subsample,42,0.0696966601566824,5,3,0.0100510204081631,0.0100510204081632,0.0100510204081632,0.25,0.0034627088171091,0.0025514128728414,0.9399233679669148,0.0059634418525772,0.0049230769230769,0.0032626427406199,0.0032122448979592,0.0,1
95,minmax,random_forest,entropy,10,50,balanced,42,0.0706659455180134,6,3,0.0125510204081632,0.0125510204081632,0.0125510204081632,0.3333333333333333,0.0026706815776302,0.0031860282574569,0.939924698842426,0.006420566751624,0.0055384615384614,0.0036689767631471,0.0032591836734694,42.3,1
96,minmax,random_forest,entropy,10,50,,42,0.0563484464426262,6,4,0.0117346938775509,0.011734693877551,0.011734693877551,0.2,0.0051602757061591,0.0029788069073783,0.9369202696067118,0.0065645055479993,0.0061538461538461,0.0040783034257748,0.0029724489795919,11.5,1
97,minmax,random_forest,entropy,20,50,balanced_subsample,42,0.0695378859317453,4,3,0.0075510204081632,0.0075510204081632,0.0075510204081632,0.1428571428571428,0.0042561542518613,0.001916797488226,0.9405755102040816,0.0059116307692307,0.0043076923076923,0.0028559771521827,0.0032010204081632,21.7,1
98,minmax,random_forest,entropy,20,50,balanced,42,0.0708432757799922,6,4,0.0117346938775509,0.011734693877551,0.011734693877551,0.2,0.0051602757061591,0.0029788069073783,0.9393602040816328,0.0065216,0.0061538461538461,0.0040783034257748,0.0032295918367346,13.6,1
99,minmax,random_forest,entropy,20,50,,42,0.0715763558938311,6,3,0.0125510204081632,0.0125510204081632,0.0125510204081632,0.3333333333333333,0.0026706815776302,0.0031860282574569,0.9379979591836736,0.0064686769230769,0.0055384615384614,0.0036689767631471,0.0032204081632654,0.0,1
100,minmax,random_forest,log_loss,3,50,balanced_subsample,42,0.1184234814411428,7,18,0.0028061224489795,0.0028061224489796,0.0028061224489795,0.44,0.0380295578349907,0.0007123233908947,0.7976786414624426,0.0233075280167805,0.0027614626752556,0.001850184451445,0.0026065319277326,0.0,0
101,minmax,random_forest,log_loss,3,50,balanced,42,0.117155068551811,7,22,0.0004591836734694,0.0004591836734694,0.0004591836734693,0.5172413793103449,0.0472269242258288,0.0001165620094192,0.8006652174419737,0.0231516513673997,0.0052230011367941,0.0035097328744446,0.0024963142917696,10.6,0
102,minmax,random_forest,log_loss,3,50,,42,0.1029992628746016,17,3,0.0400510204081632,0.0400510204081632,0.0400510204081632,0.7,0.0059487218089132,0.010166797488226,0.7725252740963335,0.0206010592575749,-0.0009312239484652,-0.0006105372200359,0.0024076923373363,10.8,2
103,minmax,random_forest,log_loss,10,50,balanced_subsample,42,0.0696966601566824,5,3,0.0100510204081631,0.0100510204081632,0.0100510204081632,0.25,0.0034627088171091,0.0025514128728414,0.9399233679669148,0.0059634418525772,0.0049230769230769,0.0032626427406199,0.0032122448979592,12.9,1
104,minmax,random_forest,log_loss,10,50,balanced,42,0.0706659455180134,6,3,0.0125510204081632,0.0125510204081632,0.0125510204081632,0.3333333333333333,0.0026706815776302,0.0031860282574569,0.939924698842426,0.006420566751624,0.0055384615384614,0.0036689767631471,0.0032591836734694,0.0,1
105,minmax,random_forest,log_loss,10,50,,42,0.0563484464426262,6,4,0.0117346938775509,0.011734693877551,0.011734693877551,0.2,0.0051602757061591,0.0029788069073783,0.9369202696067118,0.0065645055479993,0.0061538461538461,0.0040783034257748,0.0029724489795919,0.0,1
106,minmax,random_forest,log_loss,20,50,balanced_subsample,42,0.0695378859317453,4,3,0.0075510204081632,0.0075510204081632,0.0075510204081632,0.1428571428571428,0.0042561542518613,0.001916797488226,0.9405755102040816,0.0059116307692307,0.0043076923076923,0.0028559771521827,0.0032010204081632,13.7,1
107,minmax,random_forest,log_loss,20,50,balanced,42,0.0708432757799922,6,4,0.0117346938775509,0.011734693877551,0.011734693877551,0.2,0.0051602757061591,0.0029788069073783,0.9393602040816328,0.0065216,0.0061538461538461,0.0040783034257748,0.0032295918367346,9.7,1
108,minmax,random_forest,log_loss,20,50,,42,0.0715763558938311,6,3,0.0125510204081632,0.0125510204081632,0.0125510204081632,0.3333333333333333,0.0026706815776302,0.0031860282574569,0.9379979591836736,0.0064686769230769,0.0055384615384614,0.0036689767631471,0.0032204081632654,0.0,1
109,minmax,random_forest,gini,3,100,balanced_subsample,42,0.1160504583086184,8,17,0.0061224489795917,0.0061224489795918,0.0061224489795918,0.36,0.0349858448076181,0.0015541601255888,0.8012114736234658,0.0218832040646312,0.0046087533156498,0.0030857034017535,0.0026943548014236,15.7,0
110,minmax,random_forest,gini,3,100,balanced,42,0.1156321900526008,8,17,0.0061224489795917,0.0061224489795918,0.0061224489795918,0.36,0.0349858448076181,0.0015541601255888,0.801487502999724,0.0217445973889585,0.0046087533156498,0.0030857034017535,0.0026740177983914,12.7,0
111,minmax,random_forest,gini,3,100,,42,0.1003377965151905,16,2,0.0383673469387755,0.0383673469387755,0.0383673469387755,0.7777777777777778,0.007732292882025,0.0097394034536891,0.7768661664409612,0.0195617427979773,-0.0009304660856385,-0.0006103724771271,0.0015555831246254,12.7,2
112,minmax,random_forest,gini,10,100,balanced_subsample,42,0.0532198599072122,7,3,0.0150510204081631,0.0150510204081632,0.0150510204081632,0.4,0.0018800700249032,0.0038206436420722,0.9343145762347153,0.0064892597556461,0.0058459643804471,0.0038708563346343,0.0027520408163265,13.2,1
113,minmax,random_forest,gini,10,100,balanced,42,0.0543890471346749,7,3,0.0150510204081631,0.0150510204081632,0.0150510204081632,0.4,0.0018800700249032,0.0038206436420722,0.9339104365809764,0.0066148088987656,0.0058459643804471,0.0038708563346343,0.0031897959183672,12.3,1
114,minmax,random_forest,gini,10,100,,42,0.0381494112115697,6,2,0.0133673469387755,0.0133673469387755,0.0133673469387755,0.5,0.0001684871497728,0.0033932496075353,0.9326200053136734,0.0066546168750123,0.0039994316028798,0.0026478637245662,0.0030142857142857,13.8,1
115,minmax,random_forest,gini,20,100,balanced_subsample,42,0.0536089560794785,7,3,0.0150510204081631,0.0150510204081632,0.0150510204081632,0.4,0.0018800700249032,0.0038206436420722,0.9331479591836735,0.0067048,0.0058459643804471,0.0038708563346343,0.0024969387755102,12.4,1
116,minmax,random_forest,gini,20,100,balanced,42,0.0729995498103753,5,3,0.0100510204081631,0.0100510204081632,0.0100510204081632,0.25,0.0034627088171091,0.0025514128728414,0.9329102040816326,0.0067168615384615,0.0046151951496778,0.0030585194501524,0.0034785714285714,13.8,1
117,minmax,random_forest,gini,20,100,,42,0.0725680237639273,6,3,0.0125510204081632,0.0125510204081632,0.0125510204081632,0.3333333333333333,0.0026706815776302,0.0031860282574569,0.934872448979592,0.0065159384615384,0.0052305797650624,0.0034648534726796,0.003408163265306,12.2,1
118,minmax,random_forest,entropy,3,100,balanced_subsample,42,0.1177923333858916,6,21,0.0021428571428571,0.0021428571428571,0.0021428571428571,0.5555555555555556,0.0456437319526038,0.000543956043956,0.7973444721145855,0.022579593999645,0.0049158772262219,0.0033141549350208,0.0026555284624819,10.2,0
119,minmax,random_forest,entropy,3,100,balanced,42,0.1171743841552788,6,21,0.0021428571428571,0.0021428571428571,0.0021428571428571,0.5555555555555556,0.0456437319526038,0.000543956043956,0.7987438867284954,0.0224976354069835,0.0046079954528229,0.0031079396412306,0.002652492652361,8.8,0
120,minmax,random_forest,entropy,3,100,,42,0.1013012968213844,16,3,0.0375510204081632,0.0375510204081633,0.0375510204081632,0.6842105263157895,0.0051721330978947,0.0095321821036107,0.7763162655504428,0.0201773932578799,0.0003006820765441,0.0001953727192524,0.0020935618731129,18.4,2
121,minmax,random_forest,entropy,10,100,balanced_subsample,42,0.0701339377122611,5,3,0.0100510204081631,0.0100510204081632,0.0100510204081632,0.25,0.0034627088171091,0.0025514128728414,0.9399200221102232,0.0060426020857025,0.0049230769230769,0.0032626427406199,0.0034561224489796,21.4,1
122,minmax,random_forest,entropy,10,100,balanced,42,0.0706441041538437,6,3,0.0125510204081632,0.0125510204081632,0.0125510204081632,0.3333333333333333,0.0026706815776302,0.0031860282574569,0.9392018391780572,0.0061653759610687,0.0052305797650624,0.0034648534726796,0.003788775510204,13.5,1
123,minmax,random_forest,entropy,10,100,,42,0.0563890711887188,6,3,0.0125510204081632,0.0125510204081632,0.0125510204081632,0.3333333333333333,0.0026706815776302,0.0031860282574569,0.9381729397110332,0.0063087483547766,0.0055384615384614,0.0036689767631471,0.0032224489795917,13.0,1
124,minmax,random_forest,entropy,20,100,balanced_subsample,42,0.0701444453085903,5,3,0.0100510204081631,0.0100510204081632,0.0100510204081632,0.25,0.0034627088171091,0.0025514128728414,0.9401964285714284,0.0060527384615384,0.0049230769230769,0.0032626427406199,0.0033836734693877,12.4,1
125,minmax,random_forest,entropy,20,100,balanced,42,0.0704834478166022,7,3,0.0150510204081631,0.0150510204081632,0.0150510204081632,0.4,0.0018800700249032,0.0038206436420722,0.939355612244898,0.0061613538461538,0.0058459643804471,0.0038708563346343,0.0034112244897959,20.2,1
126,minmax,random_forest,entropy,20,100,,42,0.0517151813935785,6,3,0.0125510204081632,0.0125510204081632,0.0125510204081632,0.3333333333333333,0.0026706815776302,0.0031860282574569,0.9394760204081634,0.0061857846153846,0.0055384615384614,0.0036689767631471,0.0024173469387755,19.1,1
127,minmax,random_forest,log_loss,3,100,balanced_subsample,42,0.1177923333858916,6,21,0.0021428571428571,0.0021428571428571,0.0021428571428571,0.5555555555555556,0.0456437319526038,0.000543956043956,0.7973444721145855,0.022579593999645,0.0049158772262219,0.0033141549350208,0.0026555284624819,14.9,0
128,minmax,random_forest,log_loss,3,100,balanced,42,0.1171743841552788,6,21,0.0021428571428571,0.0021428571428571,0.0021428571428571,0.5555555555555556,0.0456437319526038,0.000543956043956,0.7987438867284954,0.0224976354069835,0.0046079954528229,0.0031079396412306,0.002652492652361,15.9,0
129,minmax,random_forest,log_loss,3,100,,42,0.1013012968213844,16,3,0.0375510204081632,0.0375510204081633,0.0375510204081632,0.6842105263157895,0.0051721330978947,0.0095321821036107,0.7763162655504428,0.0201773932578799,0.0003006820765441,0.0001953727192524,0.0020935618731129,15.0,2
130,minmax,random_forest,log_loss,10,100,balanced_subsample,42,0.0701339377122611,5,3,0.0100510204081631,0.0100510204081632,0.0100510204081632,0.25,0.0034627088171091,0.0025514128728414,0.9399200221102232,0.0060426020857025,0.0049230769230769,0.0032626427406199,0.0034561224489796,14.7,1
131,minmax,random_forest,log_loss,10,100,balanced,42,0.0706441041538437,6,3,0.0125510204081632,0.0125510204081632,0.0125510204081632,0.3333333333333333,0.0026706815776302,0.0031860282574569,0.9392018391780572,0.0061653759610687,0.0052305797650624,0.0034648534726796,0.003788775510204,0.0,1
132,minmax,random_forest,log_loss,10,100,,42,0.0563890711887188,6,3,0.0125510204081632,0.0125510204081632,0.0125510204081632,0.3333333333333333,0.0026706815776302,0.0031860282574569,0.9381729397110332,0.0063087483547766,0.0055384615384614,0.0036689767631471,0.0032224489795917,11.4,1
133,minmax,random_forest,log_loss,20,100,balanced_subsample,42,0.0701444453085903,5,3,0.0100510204081631,0.0100510204081632,0.0100510204081632,0.25,0.0034627088171091,0.0025514128728414,0.9401964285714284,0.0060527384615384,0.0049230769230769,0.0032626427406199,0.0033836734693877,12.5,1
134,minmax,random_forest,log_loss,20,100,balanced,42,0.0704834478166022,7,3,0.0150510204081631,0.0150510204081632,0.0150510204081632,0.4,0.0018800700249032,0.0038206436420722,0.939355612244898,0.0061613538461538,0.0058459643804471,0.0038708563346343,0.0034112244897959,11.2,1
135,minmax,random_forest,log_loss,20,100,,42,0.0517151813935785,6,3,0.0125510204081632,0.0125510204081632,0.0125510204081632,0.3333333333333333,0.0026706815776302,0.0031860282574569,0.9394760204081634,0.0061857846153846,0.0055384615384614,0.0036689767631471,0.0024173469387755,15.9,1
136,minmax,random_forest,gini,3,200,balanced_subsample,42,0.1164678953739647,7,17,0.0036224489795917,0.0036224489795917,0.0036224489795918,0.4166666666666667,0.0357020977617184,0.0009195447409733,0.797860271860309,0.0215712401173814,0.0046091322470632,0.0030889790883891,0.0023458947322707,11.7,0
137,minmax,random_forest,gini,3,200,balanced,42,0.1161283496517603,7,17,0.0036224489795917,0.0036224489795917,0.0036224489795918,0.4166666666666667,0.0357020977617184,0.0009195447409733,0.7983508960035274,0.0214769279052951,0.0049170140204622,0.0032947736686191,0.0024822539182218,20.0,0
138,minmax,random_forest,gini,3,200,,42,0.1015182495133694,19,3,0.0450510204081632,0.0450510204081632,0.0450510204081632,0.7272727272727273,0.007497733682514,0.0114360282574568,0.7734695131988422,0.0198376985658607,0.0009153088291018,0.0005998362795928,0.001977826025417,0.0,2
139,minmax,random_forest,gini,10,200,balanced_subsample,42,0.0539723467481463,7,3,0.0150510204081631,0.0150510204081632,0.0150510204081632,0.4,0.0018800700249032,0.0038206436420722,0.9320304213440914,0.0065277175138803,0.0061538461538461,0.0040749796251018,0.002912244897959,14.9,1
140,minmax,random_forest,gini,10,200,balanced,42,0.0541320274020612,6,3,0.0125510204081632,0.0125510204081632,0.0125510204081632,0.3333333333333333,0.0026706815776302,0.0031860282574569,0.9323867619440342,0.0065211151531122,0.0055384615384614,0.0036689767631471,0.0031367346938775,12.5,1
141,minmax,random_forest,gini,10,200,,42,0.0381930624399324,6,2,0.0133673469387755,0.0133673469387755,0.0133673469387755,0.5,0.0001684871497728,0.0033932496075353,0.932682357388232,0.0064216153192911,0.0039994316028798,0.0026478637245662,0.0032744897959182,13.3,1
142,minmax,random_forest,gini,20,200,balanced_subsample,42,0.0542424698404705,6,3,0.0125510204081632,0.0125510204081632,0.0125510204081632,0.3333333333333333,0.0026706815776302,0.0031860282574569,0.931719132653061,0.0066579538461538,0.0055384615384614,0.0036689767631471,0.0027948979591835,15.6,1
143,minmax,random_forest,gini,20,200,balanced,42,0.0541731361803142,5,3,0.0100510204081631,0.0100510204081632,0.0100510204081632,0.25,0.0034627088171091,0.0025514128728414,0.9318772959183674,0.0066523692307692,0.0049230769230769,0.0032626427406199,0.0027459183673469,10.9,1
144,minmax,random_forest,gini,20,200,,42,0.0544643215648281,6,3,0.0125510204081632,0.0125510204081632,0.0125510204081632,0.3333333333333333,0.0026706815776302,0.0031860282574569,0.9334954081632654,0.0065811538461538,0.0055384615384614,0.0036689767631471,0.0027285714285714,17.1,1
145,minmax,random_forest,entropy,3,200,balanced_subsample,42,0.118269163172603,6,19,0.0005102040816326,0.0005102040816326,0.0005102040816326,0.52,0.0410543475655071,0.000129513343799,0.7953921397184455,0.0224644972021097,0.0043008715422507,0.0028995611737955,0.0023730126388495,14.4,0
146,minmax,random_forest,entropy,3,200,balanced,42,0.1180560515440471,6,20,0.0013265306122448,0.0013265306122448,0.0013265306122449,0.5384615384615384,0.0433545957546962,0.0003367346938776,0.795828916211924,0.02243382243696,0.0052241379310344,0.0035172339933372,0.0023536231894563,42.9,0
147,minmax,random_forest,entropy,3,200,,42,0.101488616149576,16,3,0.0375510204081632,0.0375510204081633,0.0375510204081632,0.6842105263157895,0.0051721330978947,0.0095321821036107,0.7754529064914909,0.0202033527025475,-0.0006229632436529,-0.0004093071363573,0.0019547694199963,14.9,2
148,minmax,random_forest,entropy,10,200,balanced_subsample,42,0.0704144521097554,5,3,0.0100510204081631,0.0100510204081632,0.0100510204081632,0.25,0.0034627088171091,0.0025514128728414,0.9387311019710844,0.005963179057995,0.0049230769230769,0.0032626427406199,0.003780612244898,13.3,1
149,minmax,random_forest,entropy,10,200,balanced,42,0.051579351191633,6,3,0.0125510204081632,0.0125510204081632,0.0125510204081632,0.3333333333333333,0.0026706815776302,0.0031860282574569,0.9386978954538736,0.0059982964108526,0.0055384615384614,0.0036689767631471,0.0029102040816326,15.3,1
150,minmax,random_forest,entropy,10,200,,42,0.056704834071283,6,3,0.0125510204081632,0.0125510204081632,0.0125510204081632,0.3333333333333333,0.0026706815776302,0.0031860282574569,0.9376161466180052,0.0061656002209078,0.0055384615384614,0.0036689767631471,0.0040499999999999,14.2,1
151,minmax,random_forest,entropy,20,200,balanced_subsample,42,0.0704617546691427,5,3,0.0100510204081631,0.0100510204081632,0.0100510204081632,0.25,0.0034627088171091,0.0025514128728414,0.938891836734694,0.005995723076923,0.0049230769230769,0.0032626427406199,0.0036551020408163,12.2,1
152,minmax,random_forest,entropy,20,200,balanced,42,0.0515539607078884,6,3,0.0125510204081632,0.0125510204081632,0.0125510204081632,0.3333333333333333,0.0026706815776302,0.0031860282574569,0.938583163265306,0.0060193384615384,0.0055384615384614,0.0036689767631471,0.0027102040816325,10.7,1
153,minmax,random_forest,entropy,20,200,,42,0.0524580118565356,6,3,0.0125510204081632,0.0125510204081632,0.0125510204081632,0.3333333333333333,0.0026706815776302,0.0031860282574569,0.9382372448979592,0.0061443076923076,0.0055384615384614,0.0036689767631471,0.0027377551020407,16.2,1
154,minmax,random_forest,log_loss,3,200,balanced_subsample,42,0.118269163172603,6,19,0.0005102040816326,0.0005102040816326,0.0005102040816326,0.52,0.0410543475655071,0.000129513343799,0.7953921397184455,0.0224644972021097,0.0043008715422507,0.0028995611737955,0.0023730126388495,10.6,0
155,minmax,random_forest,log_loss,3,200,balanced,42,0.1180560515440471,6,20,0.0013265306122448,0.0013265306122448,0.0013265306122449,0.5384615384615384,0.0433545957546962,0.0003367346938776,0.795828916211924,0.02243382243696,0.0052241379310344,0.0035172339933372,0.0023536231894563,13.3,0
156,minmax,random_forest,log_loss,3,200,,42,0.101488616149576,16,3,0.0375510204081632,0.0375510204081633,0.0375510204081632,0.6842105263157895,0.0051721330978947,0.0095321821036107,0.7754529064914909,0.0202033527025475,-0.0006229632436529,-0.0004093071363573,0.0019547694199963,14.7,2
157,minmax,random_forest,log_loss,10,200,balanced_subsample,42,0.0704144521097554,5,3,0.0100510204081631,0.0100510204081632,0.0100510204081632,0.25,0.0034627088171091,0.0025514128728414,0.9387311019710844,0.005963179057995,0.0049230769230769,0.0032626427406199,0.003780612244898,17.6,1
158,minmax,random_forest,log_loss,10,200,balanced,42,0.051579351191633,6,3,0.0125510204081632,0.0125510204081632,0.0125510204081632,0.3333333333333333,0.0026706815776302,0.0031860282574569,0.9386978954538736,0.0059982964108526,0.0055384615384614,0.0036689767631471,0.0029102040816326,20.5,1
159,minmax,random_forest,log_loss,10,200,,42,0.056704834071283,6,3,0.0125510204081632,0.0125510204081632,0.0125510204081632,0.3333333333333333,0.0026706815776302,0.0031860282574569,0.9376161466180052,0.0061656002209078,0.0055384615384614,0.0036689767631471,0.0040499999999999,11.4,1
160,minmax,random_forest,log_loss,20,200,balanced_subsample,42,0.0704617546691427,5,3,0.0100510204081631,0.0100510204081632,0.0100510204081632,0.25,0.0034627088171091,0.0025514128728414,0.938891836734694,0.005995723076923,0.0049230769230769,0.0032626427406199,0.0036551020408163,14.0,1
161,minmax,random_forest,log_loss,20,200,balanced,42,0.0515539607078884,6,3,0.0125510204081632,0.0125510204081632,0.0125510204081632,0.3333333333333333,0.0026706815776302,0.0031860282574569,0.938583163265306,0.0060193384615384,0.0055384615384614,0.0036689767631471,0.0027102040816325,12.2,1
162,minmax,random_forest,log_loss,20,200,,42,0.0524580118565356,6,3,0.0125510204081632,0.0125510204081632,0.0125510204081632,0.3333333333333333,0.0026706815776302,0.0031860282574569,0.9382372448979592,0.0061443076923076,0.0055384615384614,0.0036689767631471,0.0027377551020407,14.5,1
163,robust,random_forest,gini,3,50,balanced_subsample,42,0.1168077097777569,5,16,0.000561224489796,0.000561224489796,0.0005612244897959,0.5238095238095238,0.034810824244319,0.000142464678179,0.8013437325786162,0.0223887010896889,0.0018393330807123,0.0012451106507791,0.0028073140655618,14.3,0
164,robust,random_forest,gini,3,50,balanced,42,0.1161152872397483,5,16,0.000561224489796,0.000561224489796,0.0005612244897959,0.5238095238095238,0.034810824244319,0.000142464678179,0.8019128651562315,0.0220803197482197,0.0024550966275104,0.0016571208656871,0.0027853930801098,0.0,0
165,robust,random_forest,gini,3,50,,42,0.0997016960752215,14,2,0.0333673469387755,0.0333673469387755,0.0333673469387755,0.75,0.0061630649476202,0.0084701726844584,0.7785680738494972,0.0192612650762225,-0.0018533535430087,-0.0012247957572995,0.0016706214165987,13.6,2
166,robust,random_forest,gini,10,50,balanced_subsample,42,0.0533549224867644,7,2,0.0158673469387754,0.0158673469387754,0.0158673469387755,0.5555555555555556,0.0006277657713286,0.0040278649921507,0.935609812630308,0.0068553021892031,0.0049226979916634,0.0032578245147345,0.0023806122448979,0.0,1
167,robust,random_forest,gini,10,50,balanced,42,0.0728707776293697,6,2,0.0133673469387755,0.0133673469387755,0.0133673469387755,0.5,0.0001684871497728,0.0033932496075353,0.9364514514829764,0.0067147579430382,0.0043073133762788,0.0028518204347753,0.0042183673469388,0.0,1
168,robust,random_forest,gini,10,50,,42,0.0389230606388973,6,2,0.0133673469387755,0.0133673469387755,0.0133673469387755,0.5,0.0001684871497728,0.0033932496075353,0.9328736470314516,0.006910473804103,0.0039994316028798,0.0026478637245662,0.0030510204081632,17.1,1
169,robust,random_forest,gini,20,50,balanced_subsample,42,0.0536302170993092,7,3,0.0150510204081631,0.0150510204081632,0.0150510204081632,0.4,0.0018800700249032,0.0038206436420722,0.9337346938775511,0.0070980923076923,0.0061538461538461,0.0040749796251018,0.0022581632653062,0.0,1
170,robust,random_forest,gini,20,50,balanced,42,0.0737232910630783,5,3,0.0100510204081631,0.0100510204081632,0.0100510204081632,0.25,0.0034627088171091,0.0025514128728414,0.9341163265306124,0.0068524307692307,0.0049230769230769,0.0032626427406199,0.0034010204081631,0.0,1
171,robust,random_forest,gini,20,50,,42,0.074041426977673,6,3,0.0125510204081632,0.0125510204081632,0.0125510204081632,0.3333333333333333,0.0026706815776302,0.0031860282574569,0.9332204081632656,0.0070786461538461,0.0055384615384614,0.0036689767631471,0.0033367346938775,13.5,1
172,robust,random_forest,entropy,3,50,balanced_subsample,42,0.1184106468055611,7,18,0.0028061224489795,0.0028061224489796,0.0028061224489795,0.44,0.0380295578349907,0.0007123233908947,0.7977546335258501,0.0233063131297638,0.0024535809018566,0.0016435451239757,0.0026055064366956,13.5,0
173,robust,random_forest,entropy,3,50,balanced,42,0.117161917780887,7,22,0.0004591836734694,0.0004591836734694,0.0004591836734693,0.5172413793103449,0.0472269242258288,0.0001165620094192,0.8007203743409345,0.0231563039880648,0.0049151193633951,0.0033030935469754,0.0024942700868606,18.3,0
174,robust,random_forest,entropy,3,50,,42,0.1029460087642413,17,3,0.0400510204081632,0.0400510204081632,0.0400510204081632,0.7,0.0059487218089132,0.010166797488226,0.7726443178491664,0.0205690291344135,-0.0009312239484652,-0.0006105372200359,0.002401569888357,0.0,2
175,robust,random_forest,entropy,10,50,balanced_subsample,42,0.0697436274129677,5,3,0.0100510204081631,0.0100510204081632,0.0100510204081632,0.25,0.0034627088171091,0.0025514128728414,0.9402074568325868,0.0060060730408512,0.0049230769230769,0.0032626427406199,0.0032204081632652,0.0,1
176,robust,random_forest,entropy,10,50,balanced,42,0.0708227505406877,5,3,0.0100510204081631,0.0100510204081632,0.0100510204081632,0.25,0.0034627088171091,0.0025514128728414,0.9399247641887616,0.0064842209341137,0.0049230769230769,0.0032626427406199,0.0032571428571428,11.1,1
177,robust,random_forest,entropy,10,50,,42,0.0564060240439985,6,4,0.0117346938775509,0.011734693877551,0.011734693877551,0.2,0.0051602757061591,0.0029788069073783,0.937005983892426,0.0065802149259621,0.0061538461538461,0.0040783034257748,0.0029755102040817,13.9,1
178,robust,random_forest,entropy,20,50,balanced_subsample,42,0.0696036776631568,4,3,0.0075510204081632,0.0075510204081632,0.0075510204081632,0.1428571428571428,0.0042561542518613,0.001916797488226,0.9408622448979592,0.0059404307692307,0.0043076923076923,0.0028559771521827,0.0032163265306122,29.7,1
179,robust,random_forest,entropy,20,50,balanced,42,0.0709809918382073,6,4,0.0117346938775509,0.011734693877551,0.011734693877551,0.2,0.0051602757061591,0.0029788069073783,0.939380612244898,0.0065824,0.0061538461538461,0.0040783034257748,0.0032255102040815,12.4,1
180,robust,random_forest,entropy,20,50,,42,0.0717106619383952,6,3,0.0125510204081632,0.0125510204081632,0.0125510204081632,0.3333333333333333,0.0026706815776302,0.0031860282574569,0.9379846938775512,0.0065107692307692,0.0055384615384614,0.0036689767631471,0.0032295918367347,7.5,1
181,robust,random_forest,log_loss,3,50,balanced_subsample,42,0.1184106468055611,7,18,0.0028061224489795,0.0028061224489796,0.0028061224489795,0.44,0.0380295578349907,0.0007123233908947,0.7977546335258501,0.0233063131297638,0.0024535809018566,0.0016435451239757,0.0026055064366956,10.5,0
182,robust,random_forest,log_loss,3,50,balanced,42,0.117161917780887,7,22,0.0004591836734694,0.0004591836734694,0.0004591836734693,0.5172413793103449,0.0472269242258288,0.0001165620094192,0.8007203743409345,0.0231563039880648,0.0049151193633951,0.0033030935469754,0.0024942700868606,18.1,0
183,robust,random_forest,log_loss,3,50,,42,0.1029460087642413,17,3,0.0400510204081632,0.0400510204081632,0.0400510204081632,0.7,0.0059487218089132,0.010166797488226,0.7726443178491664,0.0205690291344135,-0.0009312239484652,-0.0006105372200359,0.002401569888357,18.9,2
184,robust,random_forest,log_loss,10,50,balanced_subsample,42,0.0697436274129677,5,3,0.0100510204081631,0.0100510204081632,0.0100510204081632,0.25,0.0034627088171091,0.0025514128728414,0.9402074568325868,0.0060060730408512,0.0049230769230769,0.0032626427406199,0.0032204081632652,15.0,1
185,robust,random_forest,log_loss,10,50,balanced,42,0.0708227505406877,5,3,0.0100510204081631,0.0100510204081632,0.0100510204081632,0.25,0.0034627088171091,0.0025514128728414,0.9399247641887616,0.0064842209341137,0.0049230769230769,0.0032626427406199,0.0032571428571428,7.5,1
186,robust,random_forest,log_loss,10,50,,42,0.0564060240439985,6,4,0.0117346938775509,0.011734693877551,0.011734693877551,0.2,0.0051602757061591,0.0029788069073783,0.937005983892426,0.0065802149259621,0.0061538461538461,0.0040783034257748,0.0029755102040817,10.5,1
187,robust,random_forest,log_loss,20,50,balanced_subsample,42,0.0696036776631568,4,3,0.0075510204081632,0.0075510204081632,0.0075510204081632,0.1428571428571428,0.0042561542518613,0.001916797488226,0.9408622448979592,0.0059404307692307,0.0043076923076923,0.0028559771521827,0.0032163265306122,11.6,1
188,robust,random_forest,log_loss,20,50,balanced,42,0.0709809918382073,6,4,0.0117346938775509,0.011734693877551,0.011734693877551,0.2,0.0051602757061591,0.0029788069073783,0.939380612244898,0.0065824,0.0061538461538461,0.0040783034257748,0.0032255102040815,9.0,1
189,robust,random_forest,log_loss,20,50,,42,0.0717106619383952,6,3,0.0125510204081632,0.0125510204081632,0.0125510204081632,0.3333333333333333,0.0026706815776302,0.0031860282574569,0.9379846938775512,0.0065107692307692,0.0055384615384614,0.0036689767631471,0.0032295918367347,14.8,1
190,robust,random_forest,gini,3,100,balanced_subsample,42,0.116020862638304,7,17,0.0036224489795917,0.0036224489795917,0.0036224489795918,0.4166666666666667,0.0357020977617184,0.0009195447409733,0.8012984864789574,0.0218689361616087,0.0039933687002652,0.0026800647559418,0.0026933360875517,17.7,0
191,robust,random_forest,gini,3,100,balanced,42,0.1155787529005414,7,17,0.0036224489795917,0.0036224489795917,0.0036224489795918,0.4166666666666667,0.0357020977617184,0.0009195447409733,0.8016223831176882,0.0217212553306081,0.0039933687002652,0.0026800647559418,0.0026617762890148,0.0,0
192,robust,random_forest,gini,3,100,,42,0.1003298180037879,16,2,0.0383673469387755,0.0383673469387755,0.0383673469387755,0.7777777777777778,0.007732292882025,0.0097394034536891,0.7769058980478042,0.0195574779678196,-0.0009304660856385,-0.0006103724771271,0.0015525235944269,0.0,2
193,robust,random_forest,gini,10,100,balanced_subsample,42,0.0532538764971536,7,3,0.0150510204081631,0.0150510204081632,0.0150510204081632,0.4,0.0018800700249032,0.0038206436420722,0.9341743873016812,0.0064849865929269,0.0058459643804471,0.0038708563346343,0.002754081632653,15.3,1
194,robust,random_forest,gini,10,100,balanced,42,0.0544978664115756,6,3,0.0125510204081632,0.0125510204081632,0.0125510204081632,0.3333333333333333,0.0026706815776302,0.0031860282574569,0.9338103586071984,0.0066428086475281,0.0052305797650624,0.0034648534726796,0.0031938775510202,16.7,1
195,robust,random_forest,gini,10,100,,42,0.036655674688295,6,2,0.0133673469387755,0.0133673469387755,0.0133673469387755,0.5,0.0001684871497728,0.0033932496075353,0.9326561154703822,0.0066810420829058,0.0039994316028798,0.0026478637245662,0.0025102040816326,19.3,1
196,robust,random_forest,gini,20,100,balanced_subsample,42,0.0536545949178593,7,3,0.0150510204081631,0.0150510204081632,0.0150510204081632,0.4,0.0018800700249032,0.0038206436420722,0.9329811224489798,0.0067061538461538,0.0058459643804471,0.0038708563346343,0.0025010204081632,17.9,1
197,robust,random_forest,gini,20,100,balanced,42,0.0730316430698493,5,3,0.0100510204081631,0.0100510204081632,0.0100510204081632,0.25,0.0034627088171091,0.0025514128728414,0.9328770408163264,0.0067292923076923,0.0046151951496778,0.0030585194501524,0.0034765306122448,16.7,1
198,robust,random_forest,gini,20,100,,42,0.0532788336381933,6,3,0.0125510204081632,0.0125510204081632,0.0125510204081632,0.3333333333333333,0.0026706815776302,0.0031860282574569,0.9349566326530614,0.0065339076923076,0.0052305797650624,0.0034648534726796,0.002434693877551,0.0,1
199,robust,random_forest,entropy,3,100,balanced_subsample,42,0.1178012607796157,6,21,0.0021428571428571,0.0021428571428571,0.0021428571428571,0.5555555555555556,0.0456437319526038,0.000543956043956,0.7973589159268327,0.0225809620429677,0.0049158772262219,0.0033141549350208,0.0026545029714447,12.3,0
200,robust,random_forest,entropy,3,100,balanced,42,0.117193211520665,6,21,0.0021428571428571,0.0021428571428571,0.0021428571428571,0.5555555555555556,0.0456437319526038,0.000543956043956,0.7987480857918438,0.0225019935410036,0.0046079954528229,0.0031079396412306,0.0026494229564147,0.0,0
201,robust,random_forest,entropy,3,100,,42,0.1012435768736433,16,3,0.0375510204081632,0.0375510204081633,0.0375510204081632,0.6842105263157895,0.0051721330978947,0.0095321821036107,0.7764008053623396,0.0201484371661783,0.0003006820765441,0.0001953727192524,0.0020782540563726,9.7,2
202,robust,random_forest,entropy,10,100,balanced_subsample,42,0.0701961323703656,5,3,0.0100510204081631,0.0100510204081632,0.0100510204081632,0.25,0.0034627088171091,0.0025514128728414,0.9400967604206104,0.0060755816260975,0.0049230769230769,0.0032626427406199,0.0034642857142856,10.9,1
203,robust,random_forest,entropy,10,100,balanced,42,0.0706240876704913,6,3,0.0125510204081632,0.0125510204081632,0.0125510204081632,0.3333333333333333,0.0026706815776302,0.0031860282574569,0.9394648614183472,0.0061786892839479,0.0052305797650624,0.0034648534726796,0.0037938775510204,12.2,1
204,robust,random_forest,entropy,10,100,,42,0.0564209902466031,6,3,0.0125510204081632,0.0125510204081632,0.0125510204081632,0.3333333333333333,0.0026706815776302,0.0031860282574569,0.9381142662416456,0.0063168047571757,0.0055384615384614,0.0036689767631471,0.003215306122449,13.7,1
205,robust,random_forest,entropy,20,100,balanced_subsample,42,0.0701951858743176,5,3,0.0100510204081631,0.0100510204081632,0.0100510204081632,0.25,0.0034627088171091,0.0025514128728414,0.9403739795918368,0.0060774153846153,0.0049230769230769,0.0032626427406199,0.0033908163265305,12.2,1
206,robust,random_forest,entropy,20,100,balanced,42,0.070469881163414,6,3,0.0125510204081632,0.0125510204081632,0.0125510204081632,0.3333333333333333,0.0026706815776302,0.0031860282574569,0.9396071428571428,0.006172923076923,0.0052305797650624,0.0034648534726796,0.0034030612244898,10.8,1
207,robust,random_forest,entropy,20,100,,42,0.0517618714623661,6,3,0.0125510204081632,0.0125510204081632,0.0125510204081632,0.3333333333333333,0.0026706815776302,0.0031860282574569,0.9394178571428572,0.0061980307692307,0.0055384615384614,0.0036689767631471,0.0024132653061224,15.7,1
208,robust,random_forest,log_loss,3,100,balanced_subsample,42,0.1178012607796157,6,21,0.0021428571428571,0.0021428571428571,0.0021428571428571,0.5555555555555556,0.0456437319526038,0.000543956043956,0.7973589159268327,0.0225809620429677,0.0049158772262219,0.0033141549350208,0.0026545029714447,16.4,0
209,robust,random_forest,log_loss,3,100,balanced,42,0.117193211520665,6,21,0.0021428571428571,0.0021428571428571,0.0021428571428571,0.5555555555555556,0.0456437319526038,0.000543956043956,0.7987480857918438,0.0225019935410036,0.0046079954528229,0.0031079396412306,0.0026494229564147,21.9,0
210,robust,random_forest,log_loss,3,100,,42,0.1012435768736433,16,3,0.0375510204081632,0.0375510204081633,0.0375510204081632,0.6842105263157895,0.0051721330978947,0.0095321821036107,0.7764008053623396,0.0201484371661783,0.0003006820765441,0.0001953727192524,0.0020782540563726,16.8,2
211,robust,random_forest,log_loss,10,100,balanced_subsample,42,0.0701961323703656,5,3,0.0100510204081631,0.0100510204081632,0.0100510204081632,0.25,0.0034627088171091,0.0025514128728414,0.9400967604206104,0.0060755816260975,0.0049230769230769,0.0032626427406199,0.0034642857142856,14.9,1
212,robust,random_forest,log_loss,10,100,balanced,42,0.0706240876704913,6,3,0.0125510204081632,0.0125510204081632,0.0125510204081632,0.3333333333333333,0.0026706815776302,0.0031860282574569,0.9394648614183472,0.0061786892839479,0.0052305797650624,0.0034648534726796,0.0037938775510204,16.1,1
213,robust,random_forest,log_loss,10,100,,42,0.0564209902466031,6,3,0.0125510204081632,0.0125510204081632,0.0125510204081632,0.3333333333333333,0.0026706815776302,0.0031860282574569,0.9381142662416456,0.0063168047571757,0.0055384615384614,0.0036689767631471,0.003215306122449,15.2,1
214,robust,random_forest,log_loss,20,100,balanced_subsample,42,0.0701951858743176,5,3,0.0100510204081631,0.0100510204081632,0.0100510204081632,0.25,0.0034627088171091,0.0025514128728414,0.9403739795918368,0.0060774153846153,0.0049230769230769,0.0032626427406199,0.0033908163265305,12.6,1
215,robust,random_forest,log_loss,20,100,balanced,42,0.070469881163414,6,3,0.0125510204081632,0.0125510204081632,0.0125510204081632,0.3333333333333333,0.0026706815776302,0.0031860282574569,0.9396071428571428,0.006172923076923,0.0052305797650624,0.0034648534726796,0.0034030612244898,15.0,1
216,robust,random_forest,log_loss,20,100,,42,0.0517618714623661,6,3,0.0125510204081632,0.0125510204081632,0.0125510204081632,0.3333333333333333,0.0026706815776302,0.0031860282574569,0.9394178571428572,0.0061980307692307,0.0055384615384614,0.0036689767631471,0.0024132653061224,17.9,1
217,robust,random_forest,gini,3,200,balanced_subsample,42,0.1164685393160811,7,17,0.0036224489795917,0.0036224489795917,0.0036224489795918,0.4166666666666667,0.0357020977617184,0.0009195447409733,0.7978949504876927,0.0215721807909,0.0046091322470632,0.0030889790883891,0.0023453836810434,15.4,0
218,robust,random_forest,gini,3,200,balanced,42,0.1161177873142838,7,17,0.0036224489795917,0.0036224489795917,0.0036224489795918,0.4166666666666667,0.0357020977617184,0.0009195447409733,0.7984058227247058,0.0214736057355164,0.0049170140204622,0.0032947736686191,0.0024745983155606,18.2,0
219,robust,random_forest,gini,3,200,,42,0.1015295907352186,19,3,0.0450510204081632,0.0450510204081632,0.0450510204081632,0.7272727272727273,0.007497733682514,0.0114360282574568,0.773463451166521,0.0198422242955387,0.0009153088291018,0.0005998362795928,0.0019773149741899,37.3,2
220,robust,random_forest,gini,10,200,balanced_subsample,42,0.0540053235240952,6,3,0.0125510204081632,0.0125510204081632,0.0125510204081632,0.3333333333333333,0.0026706815776302,0.0031860282574569,0.9320921402823338,0.0065508840086301,0.0055384615384614,0.0036689767631471,0.0029183673469388,26.4,1
221,robust,random_forest,gini,10,200,balanced,42,0.0538898597206834,6,3,0.0125510204081632,0.0125510204081632,0.0125510204081632,0.3333333333333333,0.0026706815776302,0.0031860282574569,0.9323177968438868,0.006550298659171,0.0055384615384614,0.0036689767631471,0.0029867346938776,21.6,1
222,robust,random_forest,gini,10,200,,42,0.0368312290022825,6,2,0.0133673469387755,0.0133673469387755,0.0133673469387755,0.5,0.0001684871497728,0.0033932496075353,0.9326289134991764,0.0064630766168957,0.0039994316028798,0.0026478637245662,0.0026785714285714,21.6,1
223,robust,random_forest,gini,20,200,balanced_subsample,42,0.0542900103827136,6,3,0.0125510204081632,0.0125510204081632,0.0125510204081632,0.3333333333333333,0.0026706815776302,0.0031860282574569,0.9317573979591838,0.0066795384615384,0.0055384615384614,0.0036689767631471,0.0027969387755101,29.6,1
224,robust,random_forest,gini,20,200,balanced,42,0.0542223582288488,5,3,0.0100510204081631,0.0100510204081632,0.0100510204081632,0.25,0.0034627088171091,0.0025514128728414,0.9319109693877552,0.0066813538461538,0.0049230769230769,0.0032626427406199,0.0027408163265305,22.9,1
225,robust,random_forest,gini,20,200,,42,0.0540728087771553,6,3,0.0125510204081632,0.0125510204081632,0.0125510204081632,0.3333333333333333,0.0026706815776302,0.0031860282574569,0.9335836734693876,0.006598123076923,0.0055384615384614,0.0036689767631471,0.0025153061224489,15.9,1
226,robust,random_forest,entropy,3,200,balanced_subsample,42,0.1182661444726617,6,19,0.0005102040816326,0.0005102040816326,0.0005102040816326,0.52,0.0410543475655071,0.000129513343799,0.7954183593033414,0.022461786377804,0.0043008715422507,0.0028995611737955,0.0023699497200685,50.4,0
227,robust,random_forest,entropy,3,200,balanced,42,0.1180553180111906,6,20,0.0013265306122448,0.0013265306122448,0.0013265306122449,0.5384615384615384,0.0433545957546962,0.0003367346938776,0.7958532983198638,0.0224319305619219,0.0052241379310344,0.0035172339933372,0.0023469863006669,38.9,0
228,robust,random_forest,entropy,3,200,,42,0.1014531696842771,16,3,0.0375510204081632,0.0375510204081633,0.0375510204081632,0.6842105263157895,0.0051721330978947,0.0095321821036107,0.7754964619630389,0.0201879897964996,-0.0006229632436529,-0.0004093071363573,0.001951195449988,12.5,2
229,robust,random_forest,entropy,10,200,balanced_subsample,42,0.0704371119126216,5,3,0.0100510204081631,0.0100510204081632,0.0100510204081632,0.25,0.0034627088171091,0.0025514128728414,0.9388138070885108,0.0059681703820635,0.0049230769230769,0.0032626427406199,0.0037897959183673,0.0,1
230,robust,random_forest,entropy,10,200,balanced,42,0.0515806701439872,6,3,0.0125510204081632,0.0125510204081632,0.0125510204081632,0.3333333333333333,0.0026706815776302,0.0031860282574569,0.9388597581544816,0.0060165601342116,0.0055384615384614,0.0036689767631471,0.0029153061224489,13.0,1
231,robust,random_forest,entropy,10,200,,42,0.0567861768179435,6,3,0.0125510204081632,0.0125510204081632,0.0125510204081632,0.3333333333333333,0.0026706815776302,0.0031860282574569,0.9375651828991842,0.0061871365695938,0.0055384615384614,0.0036689767631471,0.0040561224489796,38.5,1
232,robust,random_forest,entropy,20,200,balanced_subsample,42,0.0704727387703386,5,3,0.0100510204081631,0.0100510204081632,0.0100510204081632,0.25,0.0034627088171091,0.0025514128728414,0.938972448979592,0.0059977384615384,0.0049230769230769,0.0032626427406199,0.0036551020408163,31.3,1
233,robust,random_forest,entropy,20,200,balanced,42,0.0515237197028104,6,3,0.0125510204081632,0.0125510204081632,0.0125510204081632,0.3333333333333333,0.0026706815776302,0.0031860282574569,0.9387918367346938,0.0060283538461538,0.0055384615384614,0.0036689767631471,0.0027071428571427,14.9,1
234,robust,random_forest,entropy,20,200,,42,0.0525264699252418,6,3,0.0125510204081632,0.0125510204081632,0.0125510204081632,0.3333333333333333,0.0026706815776302,0.0031860282574569,0.938243112244898,0.0061640153846153,0.0055384615384614,0.0036689767631471,0.0027377551020407,20.9,1
235,robust,random_forest,log_loss,3,200,balanced_subsample,42,0.1182661444726617,6,19,0.0005102040816326,0.0005102040816326,0.0005102040816326,0.52,0.0410543475655071,0.000129513343799,0.7954183593033414,0.022461786377804,0.0043008715422507,0.0028995611737955,0.0023699497200685,18.8,0
236,robust,random_forest,log_loss,3,200,balanced,42,0.1180553180111906,6,20,0.0013265306122448,0.0013265306122448,0.0013265306122449,0.5384615384615384,0.0433545957546962,0.0003367346938776,0.7958532983198638,0.0224319305619219,0.0052241379310344,0.0035172339933372,0.0023469863006669,19.5,0
237,robust,random_forest,log_loss,3,200,,42,0.1014531696842771,16,3,0.0375510204081632,0.0375510204081633,0.0375510204081632,0.6842105263157895,0.0051721330978947,0.0095321821036107,0.7754964619630389,0.0201879897964996,-0.0006229632436529,-0.0004093071363573,0.001951195449988,17.6,2
238,robust,random_forest,log_loss,10,200,balanced_subsample,42,0.0704371119126216,5,3,0.0100510204081631,0.0100510204081632,0.0100510204081632,0.25,0.0034627088171091,0.0025514128728414,0.9388138070885108,0.0059681703820635,0.0049230769230769,0.0032626427406199,0.0037897959183673,20.7,1
239,robust,random_forest,log_loss,10,200,balanced,42,0.0515806701439872,6,3,0.0125510204081632,0.0125510204081632,0.0125510204081632,0.3333333333333333,0.0026706815776302,0.0031860282574569,0.9388597581544816,0.0060165601342116,0.0055384615384614,0.0036689767631471,0.0029153061224489,16.4,1
240,robust,random_forest,log_loss,10,200,,42,0.0567861768179435,6,3,0.0125510204081632,0.0125510204081632,0.0125510204081632,0.3333333333333333,0.0026706815776302,0.0031860282574569,0.9375651828991842,0.0061871365695938,0.0055384615384614,0.0036689767631471,0.0040561224489796,14.2,1
241,robust,random_forest,log_loss,20,200,balanced_subsample,42,0.0704727387703386,5,3,0.0100510204081631,0.0100510204081632,0.0100510204081632,0.25,0.0034627088171091,0.0025514128728414,0.938972448979592,0.0059977384615384,0.0049230769230769,0.0032626427406199,0.0036551020408163,31.5,1
242,robust,random_forest,log_loss,20,200,balanced,42,0.0515237197028104,6,3,0.0125510204081632,0.0125510204081632,0.0125510204081632,0.3333333333333333,0.0026706815776302,0.0031860282574569,0.9387918367346938,0.0060283538461538,0.0055384615384614,0.0036689767631471,0.0027071428571427,21.9,1
243,robust,random_forest,log_loss,20,200,,42,0.0525264699252418,6,3,0.0125510204081632,0.0125510204081632,0.0125510204081632,0.3333333333333333,0.0026706815776302,0.0031860282574569,0.938243112244898,0.0061640153846153,0.0055384615384614,0.0036689767631471,0.0027377551020407,19.0,1
